Unique_ID,Domain,Taxonomic group,Scientific name,COSEWIC common name,COSEWIC population,COSEWIC status,COSEWIC last assessment date,Estimated re-assessment,Scheduled Assessment
Abronia umbellata - Pink Sand-verbena,Terrestrial,Vascular Plants,Abronia umbellata,Pink Sand-verbena,,Endangered,2004-05-01,2014-05-01,
Accipiter cooperii - Cooper's Hawk,Terrestrial,Birds,Accipiter cooperii,Cooper's Hawk,,Not at Risk,1996-04-01,2006-04-01,
Accipiter gentilis atricapillus - Northern Goshawk atricapillus subspecies,Terrestrial,Birds,Accipiter gentilis atricapillus,Northern Goshawk atricapillus subspecies,,Not at Risk,1995-04-01,2005-04-01,
Accipiter gentilis laingi - Northern Goshawk laingi subspecies,Terrestrial,Birds,Accipiter gentilis laingi,Northern Goshawk laingi subspecies,,Threatened,2013-05-03,2023-05-03,
Accipiter striatus - Sharp-shinned Hawk,Terrestrial,Birds,Accipiter striatus,Sharp-shinned Hawk,,Not at Risk,1997-04-01,2007-04-01,
Acipenser medirostris - Green Sturgeon,Aquatic,Fishes (freshwater),Acipenser medirostris,Green Sturgeon,,Special Concern,2013-11-01,2023-11-01,
Acipenser transmontanus -  <blank>  (Kootenay River population),Aquatic,Fishes (freshwater),Acipenser transmontanus,,,Non-active,,,
Acipenser transmontanus -  <blank>  (Lower Fraser River population),Aquatic,Fishes (freshwater),Acipenser transmontanus,,,Non-active,,,
Acipenser transmontanus -  <blank>  (Middle Fraser River),Aquatic,Fishes (freshwater),Acipenser transmontanus,,,Non-active,,,
Acipenser transmontanus -  <blank>  (Nechako River population),Aquatic,Fishes (freshwater),Acipenser transmontanus,,,Non-active,,,
Acipenser transmontanus -  <blank>  (Upper Columbia River population),Aquatic,Fishes (freshwater),Acipenser transmontanus,,,Non-active,,,
Acipenser transmontanus -  <blank>  (Upper Fraser River population),Aquatic,Fishes (freshwater),Acipenser transmontanus,,,Non-active,,,
Acipenser transmontanus - White Sturgeon,Aquatic,Fishes (freshwater),Acipenser transmontanus,White Sturgeon,,Non-active,2012-11-25,2022-11-25,
Acipenser transmontanus - White Sturgeon (Lower Fraser River population),Aquatic,Fishes (freshwater),Acipenser transmontanus,White Sturgeon,Lower Fraser River population,Threatened,2012-11-25,2022-11-25,
Acipenser transmontanus - White Sturgeon (Upper Columbia River population),Aquatic,Fishes (freshwater),Acipenser transmontanus,White Sturgeon,Upper Columbia River population,Endangered,2012-11-25,2022-11-25,
Acipenser transmontanus - White Sturgeon (Upper Fraser River population),Aquatic,Fishes (freshwater),Acipenser transmontanus,White Sturgeon,Upper Fraser River population,Endangered,2012-11-25,2022-11-25,
Acipenser transmontanus - White Sturgeon (Upper Kootenay River population),Aquatic,Fishes (freshwater),Acipenser transmontanus,White Sturgeon,Upper Kootenay River population,Endangered,2012-11-25,2022-11-25,
Acrocheilus alutaceus - Chiselmouth,Aquatic,Fishes (freshwater),Acrocheilus alutaceus,Chiselmouth,,Not at Risk,2003-05-01,2013-05-01,
Acroloxus coloradensis - Rocky Mountain Capshell (Western population),Aquatic,Molluscs,Acroloxus coloradensis,Rocky Mountain Capshell,Western population,Not at Risk,2001-11-01,2011-11-01,
Acroscyphus sphaerophoroides - Mountain Crab-eye,Terrestrial,Lichens,Acroscyphus sphaerophoroides,Mountain Crab-eye,,Special Concern,2016-04-29,2026-04-29,
Actaea elata - Tall Bugbane,Terrestrial,Vascular Plants,Actaea elata,Tall Bugbane,,Endangered,2018-04-27,2028-04-27,
Actinemys marmorata - Northwestern Pond Turtle,Terrestrial,Reptiles,Actinemys marmorata,Northwestern Pond Turtle,,Extirpated,2023-05-05,2033-05-05,
Adiantum capillus-veneris - Southern Maidenhair Fern,Terrestrial,Vascular Plants,Adiantum capillus-veneris,Southern Maidenhair Fern,,Endangered,2011-05-06,2021-05-06,
Aechmophorus occidentalis - Western Grebe,Terrestrial,Birds,Aechmophorus occidentalis,Western Grebe,,Special Concern,2014-05-02,2024-05-02,
Aegolius acadicus brooksi - Northern Saw-whet Owl brooksi subspecies,Terrestrial,Birds,Aegolius acadicus brooksi,Northern Saw-whet Owl brooksi subspecies,,Threatened,2017-11-01,2027-11-01,
Aegolius funereus - Boreal Owl,Terrestrial,Birds,Aegolius funereus,Boreal Owl,,Not at Risk,1995-04-01,2005-04-01,
Allogona townsendiana - Oregon Forestsnail,Terrestrial,Molluscs,Allogona townsendiana,Oregon Forestsnail,,Endangered,2013-05-03,2023-05-03,
Allolumpenus hypochromus - Y-Prickleback,Aquatic,Fishes (marine),Allolumpenus hypochromus,Y-Prickleback,,Not at Risk,1991-04-01,2001-04-01,
Ambystoma gracile - Northwestern Salamander,Terrestrial,Amphibians,Ambystoma gracile,Northwestern Salamander,,Not at Risk,1999-04-01,2009-04-01,
Ambystoma macrodactylum - Long-toed Salamander,Terrestrial,Amphibians,Ambystoma macrodactylum,Long-toed Salamander,,Not at Risk,2006-04-29,2016-04-29,
Ambystoma mavortium - Western Tiger Salamander (Southern Mountain population),Terrestrial,Amphibians,Ambystoma mavortium,Western Tiger Salamander,Southern Mountain population,Endangered,2012-11-25,2022-11-25,
Ambystoma tigrinum - Tiger Salamander (Southern Mountain population),Terrestrial,Amphibians,Ambystoma tigrinum,Tiger Salamander,Southern Mountain population,Non-active,2012-11-25,2022-11-25,
Ammannia robusta - Scarlet Ammannia,Terrestrial,Vascular Plants,Ammannia robusta,Scarlet Ammannia,,Endangered,2001-05-01,2011-05-01,
Ammodramus nelsoni - Nelson's Sharp-tailed Sparrow,Terrestrial,Birds,Ammodramus nelsoni,Nelson's Sharp-tailed Sparrow,,Not at Risk,1998-04-01,2008-04-01,
Anarrhichthys ocellatus - Wolf-eel,Aquatic,Fishes (marine),Anarrhichthys ocellatus,Wolf-eel,,Not at Risk,2003-05-01,2013-05-01,
Anarta edwardsii - Edwards' Beach Moth,Terrestrial,Arthropods,Anarta edwardsii,Edwards' Beach Moth,,Endangered,2021-05-05,2031-05-05,
Anaxyrus boreas - Western Toad,Terrestrial,Amphibians,Anaxyrus boreas,Western Toad,,Non-active,2012-11-25,2022-11-25,
Anaxyrus boreas - Western Toad (Calling population),Terrestrial,Amphibians,Anaxyrus boreas,Western Toad,Calling population,Special Concern,2012-11-25,2022-11-25,
Anaxyrus boreas - Western Toad (Non-calling population),Terrestrial,Amphibians,Anaxyrus boreas,Western Toad,Non-calling population,Special Concern,2012-11-25,2022-11-25,
Aneides vagrans - Wandering Salamander,Terrestrial,Amphibians,Aneides vagrans,Wandering Salamander,,Special Concern,2014-05-02,2024-05-02,
Anguispira kochi occidentalis - Western Banded Tigersnail,Terrestrial,Molluscs,Anguispira kochi occidentalis,Western Banded Tigersnail,,Not at Risk,2017-04-28,2027-04-28,
Antennaria flagellaris - Stoloniferous Pussytoes,Terrestrial,Vascular Plants,Antennaria flagellaris,Stoloniferous Pussytoes,,Endangered,2004-05-01,2014-05-01,
Antrozous pallidus - Pallid Bat,Terrestrial,Mammals (terrestrial),Antrozous pallidus,Pallid Bat,,Threatened,2010-11-26,2020-11-26,
Aphyllon pinorum - Pine Broomrape,Terrestrial,Vascular Plants,Aphyllon pinorum,Pine Broomrape,,Endangered,2024-05-09,2034-05-09,
Aplodontia rufa - Mountain Beaver,Terrestrial,Mammals (terrestrial),Aplodontia rufa,Mountain Beaver,,Special Concern,2022-12-03,2032-12-03,
Apodemia mormo - Mormon Metalmark (Southern Mountain population),Terrestrial,Arthropods,Apodemia mormo,Mormon Metalmark,Southern Mountain population,Endangered,2014-05-02,2024-05-02,
Apotreubia hortoniae - (common name not available),Terrestrial,Mosses,Apotreubia hortoniae,,common name not available,No status,,,2026-04-01
Apristurus brunneus - Brown Cat Shark,Aquatic,Fishes (marine),Apristurus brunneus,Brown Cat Shark,,Data Deficient,2007-04-22,2017-04-22,
Aquila chrysaetos - Golden Eagle,Terrestrial,Birds,Aquila chrysaetos,Golden Eagle,,Not at Risk,1996-04-01,2006-04-01,
Ardea herodias fannini - Great Blue Heron fannini subspecies,Terrestrial,Birds,Ardea herodias fannini,Great Blue Heron fannini subspecies,,Non-active,2022-12-03,2032-12-03,
Ardenna creatopus - Pink-footed Shearwater,Terrestrial,Birds,Ardenna creatopus,Pink-footed Shearwater,,Endangered,2016-11-27,2026-11-27,
Argia vivida - Vivid Dancer,Terrestrial,Arthropods,Argia vivida,Vivid Dancer,,Special Concern,2015-05-01,2025-05-01,
Ascaphus montanus - Rocky Mountain Tailed Frog,Terrestrial,Amphibians,Ascaphus montanus,Rocky Mountain Tailed Frog,,Threatened,2013-11-01,2023-11-01,
Ascaphus truei - Coastal Tailed Frog,Terrestrial,Amphibians,Ascaphus truei,Coastal Tailed Frog,,Special Concern,2011-11-25,2021-11-25,
Asemichthys taylori - Spinynose Sculpin,Aquatic,Fishes (marine),Asemichthys taylori,Spinynose Sculpin,,Data Deficient,1997-04-01,2007-04-01,
Asio flammeus - Short-eared Owl,Terrestrial,Birds,Asio flammeus,Short-eared Owl,,Threatened,2021-05-05,2031-05-05,
Athene cunicularia - Burrowing Owl,Terrestrial,Birds,Athene cunicularia,Burrowing Owl,,Endangered,2017-04-28,2027-04-28,
Azolla mexicana - Mexican Mosquito-fern,Terrestrial,Vascular Plants,Azolla mexicana,Mexican Mosquito-fern,,Threatened,2008-11-28,2018-11-28,
Balaenoptera acutorostrata scammonii - Common Minke Whale North Pacific subspecies,Aquatic,Mammals (marine),Balaenoptera acutorostrata scammonii,Common Minke Whale North Pacific subspecies,,Not at Risk,2006-04-29,2016-04-29,
Balaenoptera borealis - Sei Whale (Pacific population),Aquatic,Mammals (marine),Balaenoptera borealis,Sei Whale,Pacific population,Endangered,2013-05-03,2023-05-03,
Balaenoptera musculus - Blue Whale,Aquatic,Mammals (marine),Balaenoptera musculus,Blue Whale,,Non-active,2002-05-01,2012-05-01,
Balaenoptera musculus - Blue Whale (Pacific population),Aquatic,Mammals (marine),Balaenoptera musculus,Blue Whale,Pacific population,Endangered,2012-05-04,2022-05-04,
Balaenoptera physalus - Fin Whale,Aquatic,Mammals (marine),Balaenoptera physalus,Fin Whale,,Non-active,2005-05-05,2015-05-05,
Balaenoptera physalus - Fin Whale (Pacific population),Aquatic,Mammals (marine),Balaenoptera physalus,Fin Whale,Pacific population,Special Concern,2019-05-03,2029-05-03,
Balsamorhiza deltoidea - Deltoid Balsamroot,Terrestrial,Vascular Plants,Balsamorhiza deltoidea,Deltoid Balsamroot,,Endangered,2009-04-26,2019-04-26,
Bartramia aprica - Rigid Apple Moss,Terrestrial,Mosses,Bartramia aprica,Rigid Apple Moss,,Threatened,2023-12-01,2033-12-01,
Bartramia halleriana - Haller's Apple Moss,Terrestrial,Mosses,Bartramia halleriana,Haller's Apple Moss,,Threatened,2011-11-25,2021-11-25,
Bathyraja interrupta - Sandpaper Skate,Aquatic,Fishes (marine),Bathyraja interrupta,Sandpaper Skate,,Not at Risk,2007-04-22,2017-04-22,
Berardius bairdii - Baird's Beaked Whale,Aquatic,Mammals (marine),Berardius bairdii,Baird's Beaked Whale,,Not at Risk,1992-04-01,2002-04-01,
Bidens amplissima - Vancouver Island Beggarticks,Terrestrial,Vascular Plants,Bidens amplissima,Vancouver Island Beggarticks,,Special Concern,2001-11-01,2011-11-01,
Bison bison athabascae - Wood Bison,Terrestrial,Mammals (terrestrial),Bison bison athabascae,Wood Bison,,Special Concern,2013-11-01,2023-11-01,
Bison bison bison - Plains Bison,Terrestrial,Mammals (terrestrial),Bison bison bison,Plains Bison,,Threatened,2013-11-01,2023-11-01,
Bombus bohemicus - Gypsy Cuckoo Bumble Bee,Terrestrial,Arthropods,Bombus bohemicus,Gypsy Cuckoo Bumble Bee,,Endangered,2014-05-02,2024-05-02,
Bombus occidentalis mckayi - Western Bumble Bee mckayi subspecies,Terrestrial,Arthropods,Bombus occidentalis mckayi,Western Bumble Bee mckayi subspecies,,Special Concern,2014-05-02,2024-05-02,
Bombus occidentalis occidentalis - Western Bumble Bee occidentalis subspecies,Terrestrial,Arthropods,Bombus occidentalis occidentalis,Western Bumble Bee occidentalis subspecies,,Threatened,2014-05-02,2024-05-02,
Bombus suckleyi - Suckley’s Cuckoo Bumble Bee,Terrestrial,Arthropods,Bombus suckleyi,Suckley’s Cuckoo Bumble Bee,,Threatened,2019-11-29,2029-11-29,
Bombus terricola - Yellow-banded Bumble Bee,Terrestrial,Arthropods,Bombus terricola,Yellow-banded Bumble Bee,,Special Concern,2015-05-01,2025-05-01,
Brachyramphus marmoratus - Marbled Murrelet,Terrestrial,Birds,Brachyramphus marmoratus,Marbled Murrelet,,Threatened,2012-05-04,2022-05-04,
Brickellia grandiflora - Large-flowered Brickellia,Terrestrial,Vascular Plants,Brickellia grandiflora,Large-flowered Brickellia,,Not at Risk,1996-04-01,2006-04-01,
Brotherella roellii - Roell's Brotherella Moss,Terrestrial,Mosses,Brotherella roellii,Roell's Brotherella Moss,,Endangered,2010-11-26,2020-11-26,
Bryoerythrophyllum columbianum - Columbian Carpet Moss,Terrestrial,Mosses,Bryoerythrophyllum columbianum,Columbian Carpet Moss,,Special Concern,2014-11-28,2024-11-28,
Bubo scandiacus - Snowy Owl,Terrestrial,Birds,Bubo scandiacus,Snowy Owl,,,,,2025-04-01
Buteo jamaicensis - Red-tailed Hawk,Terrestrial,Birds,Buteo jamaicensis,Red-tailed Hawk,,Not at Risk,1995-04-01,2005-04-01,
Buteo lagopus - Rough-legged Hawk,Terrestrial,Birds,Buteo lagopus,Rough-legged Hawk,,Not at Risk,1995-04-01,2005-04-01,
Calidris canutus roselaari - Red Knot roselaari subspecies,Terrestrial,Birds,Calidris canutus roselaari,Red Knot roselaari subspecies,,Threatened,2020-11-04,2030-11-04,
Calidris canutus roselaari type - Red Knot roselaari type,Terrestrial,Birds,Calidris canutus roselaari type,Red Knot roselaari type,,Non-active,2020-11-04,2030-11-04,
Callophrys johnsoni - Johnson's Hairstreak,Terrestrial,Arthropods,Callophrys johnsoni,Johnson's Hairstreak,,Special Concern,2022-05-11,2032-05-11,
Callorhinus ursinus - Northern Fur Seal,Aquatic,Mammals (marine),Callorhinus ursinus,Northern Fur Seal,,Threatened,2022-12-03,2032-12-03,
Calochortus lyallii - Lyall's Mariposa Lily,Terrestrial,Vascular Plants,Calochortus lyallii,Lyall's Mariposa Lily,,Special Concern,2011-05-06,2021-05-06,
Camissonia contorta - Contorted-pod Evening-primrose,Terrestrial,Vascular Plants,Camissonia contorta,Contorted-pod Evening-primrose,,Endangered,2006-04-29,2016-04-29,
Canis lupus nubilus - Southern Grey Wolf,Terrestrial,Mammals (terrestrial),Canis lupus nubilus,Southern Grey Wolf,,Not at Risk,1999-04-01,2009-04-01,
Canis lupus occidentalis - Northern Grey Wolf,Terrestrial,Mammals (terrestrial),Canis lupus occidentalis,Northern Grey Wolf,,Not at Risk,1999-04-01,2009-04-01,
Carcharodon carcharias - White Shark (Pacific population),Aquatic,Fishes (marine),Carcharodon carcharias,White Shark,Pacific population,Data Deficient,2006-04-29,2016-04-29,
Cardellina canadensis - Canada Warbler,Terrestrial,Birds,Cardellina canadensis,Canada Warbler,,Special Concern,2020-11-04,2030-11-04,
Carex tumulicola - Foothill Sedge,Terrestrial,Vascular Plants,Carex tumulicola,Foothill Sedge,,Special Concern,2022-12-03,2032-12-03,
Castilleja levisecta - Golden Paintbrush,Terrestrial,Vascular Plants,Castilleja levisecta,Golden Paintbrush,,Endangered,2007-11-30,2017-11-30,
Castilleja rupicola - Cliff Paintbrush,Terrestrial,Vascular Plants,Castilleja rupicola,Cliff Paintbrush,,Threatened,2005-05-05,2015-05-05,
Castilleja tenuis - Hairy Paintbrush,Terrestrial,Vascular Plants,Castilleja tenuis,Hairy Paintbrush,,Endangered,2019-05-03,2029-05-03,
Castilleja victoriae - Victoria's Owl-clover,Terrestrial,Vascular Plants,Castilleja victoriae,Victoria's Owl-clover,,Endangered,2010-04-25,2020-04-25,
Catherpes mexicanus - Canyon Wren,Terrestrial,Birds,Catherpes mexicanus,Canyon Wren,,Not at Risk,1992-04-01,2002-04-01,
Catostomus platyrhynchus - Mountain Sucker,Aquatic,Fishes (freshwater),Catostomus platyrhynchus,Mountain Sucker,,Non-active,2010-11-26,2020-11-26,
Catostomus platyrhynchus - Mountain Sucker (Pacific populations),Aquatic,Fishes (freshwater),Catostomus platyrhynchus,Mountain Sucker,Pacific populations,Non-active,2022-12-03,2032-12-03,
Catostomus sp. cf. catostomus - Salish Sucker,Aquatic,Fishes (freshwater),Catostomus sp. cf. catostomus,Salish Sucker,,Endangered,2024-05-09,2034-05-09,
Centaurium muehlenbergii - Muhlenberg's Centaury,Terrestrial,Vascular Plants,Centaurium muehlenbergii,Muhlenberg's Centaury,,Endangered,2008-04-25,2018-04-25,
Centrocercus urophasianus phaios - Greater Sage-Grouse phaios subspecies,Terrestrial,Birds,Centrocercus urophasianus phaios,Greater Sage-Grouse phaios subspecies,,Extirpated,2021-12-01,2031-12-01,
Cephalanthera austiniae - Phantom Orchid,Terrestrial,Vascular Plants,Cephalanthera austiniae,Phantom Orchid,,Endangered,2014-11-28,2024-11-28,
Cetorhinus maximus - Basking Shark (Pacific population),Aquatic,Fishes (marine),Cetorhinus maximus,Basking Shark,Pacific population,Endangered,2018-04-27,2028-04-27,
Charina bottae - Northern Rubber Boa,Terrestrial,Reptiles,Charina bottae,Northern Rubber Boa,,Special Concern,2016-04-29,2026-04-29,
Chlidonias niger - Black Tern,Terrestrial,Birds,Chlidonias niger,Black Tern,,Not at Risk,1996-04-01,2006-04-01,
Chordeiles minor - Common Nighthawk,Terrestrial,Birds,Chordeiles minor,Common Nighthawk,,Special Concern,2018-04-27,2028-04-27,
Chrysemys picta bellii - Western Painted Turtle (Intermountain - Rocky Mountain population),Terrestrial,Reptiles,Chrysemys picta bellii,Western Painted Turtle,Intermountain - Rocky Mountain population,Special Concern,2016-11-27,2026-11-27,
Chrysemys picta bellii - Western Painted Turtle (Pacific Coast population),Terrestrial,Reptiles,Chrysemys picta bellii,Western Painted Turtle,Pacific Coast population,Threatened,2016-11-27,2026-11-27,
Cicindela parowana wallisi - Wallis' Dark Saltflat Tiger Beetle,Terrestrial,Arthropods,Cicindela parowana wallisi,Wallis' Dark Saltflat Tiger Beetle,,Endangered,2009-11-27,2019-11-27,
Circus cyaneus - Northern Harrier,Terrestrial,Birds,Circus cyaneus,Northern Harrier,,Not at Risk,1993-04-01,2003-04-01,
Cirsium scariosum - Meadow Thistle (Rocky Mountain population),Terrestrial,Vascular Plants,Cirsium scariosum,Meadow Thistle,Rocky Mountain population,Endangered,2022-05-11,2032-05-11,
Coccinella novemnotata - Nine-spotted Lady Beetle,Terrestrial,Arthropods,Coccinella novemnotata,Nine-spotted Lady Beetle,,Endangered,2016-04-29,2026-04-29,
Coccinella transversoguttata - Transverse Lady Beetle,Terrestrial,Arthropods,Coccinella transversoguttata,Transverse Lady Beetle,,Special Concern,2016-11-27,2026-11-27,
Coccothraustes vespertinus - Evening Grosbeak,Terrestrial,Birds,Coccothraustes vespertinus,Evening Grosbeak,,Special Concern,2016-11-27,2026-11-27,
Collema coniophilum - Crumpled Tarpaper Lichen,Terrestrial,Lichens,Collema coniophilum,Crumpled Tarpaper Lichen,,Threatened,2010-11-26,2020-11-26,
Collomia tenella - Slender Collomia,Terrestrial,Vascular Plants,Collomia tenella,Slender Collomia,,Endangered,2003-11-01,2013-11-01,
Coluber constrictor mormon - Western Yellow-bellied Racer,Terrestrial,Reptiles,Coluber constrictor mormon,Western Yellow-bellied Racer,,Threatened,2015-11-26,2025-11-26,
Contia tenuis - Sharp-tailed Snake,Terrestrial,Reptiles,Contia tenuis,Sharp-tailed Snake,,Non-active,2021-12-01,2031-12-01,
Contia tenuis - Sharp-tailed Snake (Coast Mountains population),Terrestrial,Reptiles,Contia tenuis,Sharp-tailed Snake,Coast Mountains population,Endangered,2021-12-01,2031-12-01,
Contia tenuis - Sharp-tailed Snake (Pacific Coast population),Terrestrial,Reptiles,Contia tenuis,Sharp-tailed Snake,Pacific Coast population,Threatened,2021-12-01,2031-12-01,
Contopus cooperi - Olive-sided Flycatcher,Terrestrial,Birds,Contopus cooperi,Olive-sided Flycatcher,,Special Concern,2018-04-27,2028-04-27,
Copablepharon absidum - Columbia Dune Moth,Terrestrial,Arthropods,Copablepharon absidum,Columbia Dune Moth,,Data Deficient,2017-04-28,2027-04-28,
Copablepharon fuscum - Sand-verbena Moth,Terrestrial,Arthropods,Copablepharon fuscum,Sand-verbena Moth,,Endangered,2013-11-01,2023-11-01,
Corydalis scouleri - Scouler's Corydalis,Terrestrial,Vascular Plants,Corydalis scouleri,Scouler's Corydalis,,Not at Risk,2006-11-24,2016-11-24,
Cottus aleuticus - Coastrange Sculpin (Cultus Lake population),Aquatic,Fishes (freshwater),Cottus aleuticus,Coastrange Sculpin,Cultus Lake population,Endangered,2019-11-29,2029-11-29,
Cottus confusus - Shorthead Sculpin,Aquatic,Fishes (freshwater),Cottus confusus,Shorthead Sculpin,,Special Concern,2010-11-26,2020-11-26,
Cottus hubbsi - Columbia Sculpin,Aquatic,Fishes (freshwater),Cottus hubbsi,Columbia Sculpin,,Special Concern,2019-11-29,2029-11-29,
Cottus ricei - Spoonhead Sculpin,Aquatic,Fishes (freshwater),Cottus ricei,Spoonhead Sculpin,,Not at Risk,1989-04-01,1999-04-01,
Cottus sp. - Rocky Mountain Sculpin (Pacific populations),Aquatic,Fishes (freshwater),Cottus sp.,Rocky Mountain Sculpin,Pacific populations,Special Concern,2019-11-29,2029-11-29,
Coturnicops noveboracensis - Yellow Rail,Terrestrial,Birds,Coturnicops noveboracensis,Yellow Rail,,Special Concern,2023-12-01,2033-12-01,
Couesius plumbeus - Lake Chub (Atlin Warm Springs populations),Aquatic,Fishes (freshwater),Couesius plumbeus,Lake Chub,Atlin Warm Springs populations,Threatened,2018-11-01,2028-11-01,
Couesius plumbeus - Lake Chub (Liard Hot Springs populations),Aquatic,Fishes (freshwater),Couesius plumbeus,Lake Chub,Liard Hot Springs populations,Threatened,2018-11-01,2028-11-01,
Couesius plumbeus - Lake Chub (Northern British Columbia Hotsprings populations),Aquatic,Fishes (freshwater),Couesius plumbeus,Lake Chub,Northern British Columbia Hotsprings populations,Non-active,2018-11-01,2028-11-01,
Crossidium seriatum - Tiny Tassel,Terrestrial,Mosses,Crossidium seriatum,Tiny Tassel,,Special Concern,2014-11-28,2024-11-28,
Crotalus oreganus - Western Rattlesnake,Terrestrial,Reptiles,Crotalus oreganus,Western Rattlesnake,,Threatened,2015-05-01,2025-05-01,
Cryptomastix devia - Puget Oregonian,Terrestrial,Molluscs,Cryptomastix devia,Puget Oregonian,,Extirpated,2013-05-03,2023-05-03,
Cygnus buccinator - Trumpeter Swan,Terrestrial,Birds,Cygnus buccinator,Trumpeter Swan,,Not at Risk,1996-04-01,2006-04-01,
Cypseloides niger - Black Swift,Terrestrial,Birds,Cypseloides niger,Black Swift,,Endangered,2015-05-01,2025-05-01,
Daltonia splachnoides - Dalton’s Moss,Terrestrial,Mosses,Daltonia splachnoides,Dalton’s Moss,,Endangered,2019-05-03,2029-05-03,
Danaus plexippus - Monarch,Terrestrial,Arthropods,Danaus plexippus,Monarch,,Endangered,2016-11-27,2026-11-27,
Delphinus delphis - Short-beaked Common Dolphin,Aquatic,Mammals (marine),Delphinus delphis,Short-beaked Common Dolphin,,Not at Risk,1991-04-01,2001-04-01,
Dermochelys coriacea - Leatherback Sea Turtle,Terrestrial,Reptiles,Dermochelys coriacea,Leatherback Sea Turtle,,Non-active,2012-05-04,2022-05-04,
Dermochelys coriacea - Leatherback Sea Turtle (Pacific population),Terrestrial,Reptiles,Dermochelys coriacea,Leatherback Sea Turtle,Pacific population,Endangered,2022-12-03,2032-12-03,
Deroceras hesperium - Evening Fieldslug,Terrestrial,Molluscs,Deroceras hesperium,Evening Fieldslug,,Data Deficient,2003-11-01,2013-11-01,
Dicamptodon tenebrosus - Coastal Giant Salamander,Terrestrial,Amphibians,Dicamptodon tenebrosus,Coastal Giant Salamander,,Threatened,2014-05-02,2024-05-02,
Dielis pilipes - Yellow Scarab Hunter Wasp,Terrestrial,Arthropods,Dielis pilipes,Yellow Scarab Hunter Wasp,,Special Concern,2018-11-01,2028-11-01,
Dolichonyx oryzivorus - Bobolink,Terrestrial,Birds,Dolichonyx oryzivorus,Bobolink,,Special Concern,2022-05-11,2032-05-11,
Dryobates albolarvatus - White-headed Woodpecker,Terrestrial,Birds,Dryobates albolarvatus,White-headed Woodpecker,,Endangered,2023-05-05,2033-05-05,
Dryopteris arguta - Coastal Wood Fern,Terrestrial,Vascular Plants,Dryopteris arguta,Coastal Wood Fern,,Special Concern,2021-05-05,2031-05-05,
Efferia okanagana - Okanagan Efferia,Terrestrial,Arthropods,Efferia okanagana,Okanagan Efferia,,Endangered,2011-11-25,2021-11-25,
Eleocharis atropurpurea - Purple Spikerush,Terrestrial,Vascular Plants,Eleocharis atropurpurea,Purple Spikerush,,Non-active,2008-04-25,2018-04-25,
Eleocharis geniculata - Bent Spike-rush (Southern Mountain population),Terrestrial,Vascular Plants,Eleocharis geniculata,Bent Spike-rush,Southern Mountain population,Endangered,2009-04-26,2019-04-26,
Elgaria coerulea - Northern Alligator Lizard,Terrestrial,Reptiles,Elgaria coerulea,Northern Alligator Lizard,,Not at Risk,2002-05-01,2012-05-01,
Empidonax wrightii - Grey Flycatcher,Terrestrial,Birds,Empidonax wrightii,Grey Flycatcher,,Not at Risk,1992-04-01,2002-04-01,
Enhydra lutris - Sea Otter,Aquatic,Mammals (marine),Enhydra lutris,Sea Otter,,Special Concern,2022-05-11,2032-05-11,
Ensatina eschscholtzii - Ensatina,Terrestrial,Amphibians,Ensatina eschscholtzii,Ensatina,,Not at Risk,1999-04-01,2009-04-01,
Entodon schleicheri - Schleicher's Silk Moss,Terrestrial,Mosses,Entodon schleicheri,Schleicher's Silk Moss,,Data Deficient,2005-05-05,2015-05-05,
Entosphenus macrostomus - Vancouver Lamprey,Aquatic,Fishes (freshwater),Entosphenus macrostomus,Vancouver Lamprey,,Threatened,2017-11-01,2027-11-01,
Entosthodon fascicularis - Banded Cord-moss,Terrestrial,Mosses,Entosthodon fascicularis,Banded Cord-moss,,Special Concern,2015-05-01,2025-05-01,
Entosthodon rubiginosus - Rusty Cord-moss,Terrestrial,Mosses,Entosthodon rubiginosus,Rusty Cord-moss,,Special Concern,2017-04-28,2027-04-28,
Epilobium densiflorum - Dense Spike-primrose,Terrestrial,Vascular Plants,Epilobium densiflorum,Dense Spike-primrose,,Endangered,2005-05-05,2015-05-05,
Epilobium torreyi - Brook Spike-primrose,Terrestrial,Vascular Plants,Epilobium torreyi,Brook Spike-primrose,,Endangered,2018-11-01,2028-11-01,
Epipactis gigantea - Giant Helleborine,Terrestrial,Vascular Plants,Epipactis gigantea,Giant Helleborine,,Not at Risk,2015-11-26,2025-11-26,
Eremophila alpestris strigata - Streaked Horned Lark,Terrestrial,Birds,Eremophila alpestris strigata,Streaked Horned Lark,,Endangered,2018-04-27,2028-04-27,
Ericameria bloomeri - Rabbit-brush Goldenweed,Terrestrial,Vascular Plants,Ericameria bloomeri,Rabbit-brush Goldenweed,,Data Deficient,1997-04-01,2007-04-01,
Erigeron leibergii - Leiberg's Fleabane,Terrestrial,Vascular Plants,Erigeron leibergii,Leiberg's Fleabane,,Data Deficient,2016-11-27,2026-11-27,
Eschrichtius robustus - Grey Whale (Eastern North Pacific population),Aquatic,Mammals (marine),Eschrichtius robustus,Grey Whale,Eastern North Pacific population,Non-active,2017-11-01,2027-11-01,
Eschrichtius robustus - Grey Whale (Northern Pacific Migratory population),Aquatic,Mammals (marine),Eschrichtius robustus,Grey Whale,Northern Pacific Migratory population,Not at Risk,2017-11-01,2027-11-01,
Eschrichtius robustus - Grey Whale (Pacific Coast Feeding Group population),Aquatic,Mammals (marine),Eschrichtius robustus,Grey Whale,Pacific Coast Feeding Group population,Endangered,2017-11-01,2027-11-01,
Eschrichtius robustus - Grey Whale (Western Pacific population),Aquatic,Mammals (marine),Eschrichtius robustus,Grey Whale,Western Pacific population,Endangered,2017-11-01,2027-11-01,
Eubalaena glacialis - Right Whale,Aquatic,Mammals (marine),Eubalaena glacialis,Right Whale,,Non-active,2003-05-01,2013-05-01,
Eubalaena japonica - North Pacific Right Whale,Aquatic,Mammals (marine),Eubalaena japonica,North Pacific Right Whale,,Endangered,2015-05-01,2025-05-01,
Euchloe ausonides insulanus - Island Marble,Terrestrial,Arthropods,Euchloe ausonides insulanus,Island Marble,,Extirpated,2022-12-03,2032-12-03,
Euderma maculatum - Spotted Bat,Terrestrial,Mammals (terrestrial),Euderma maculatum,Spotted Bat,,Special Concern,2014-11-28,2024-11-28,
Eumetopias jubatus - Steller Sea Lion,Aquatic,Mammals (marine),Eumetopias jubatus,Steller Sea Lion,,Special Concern,2013-11-01,2023-11-01,
Euphagus carolinus - Rusty Blackbird,Terrestrial,Birds,Euphagus carolinus,Rusty Blackbird,,Special Concern,2017-04-28,2027-04-28,
Euphydryas editha taylori - Taylor's Checkerspot,Terrestrial,Arthropods,Euphydryas editha taylori,Taylor's Checkerspot,,Endangered,2011-05-06,2021-05-06,
Euphyes vestris vestris - Dun Skipper vestris subspecies,Terrestrial,Arthropods,Euphyes vestris vestris,Dun Skipper vestris subspecies,,Threatened,2013-05-03,2023-05-03,
Eurybia radulina - Rough-leaved Aster,Terrestrial,Vascular Plants,Eurybia radulina,Rough-leaved Aster,,Threatened,2024-05-09,2034-05-09,
Fabronia pusilla - Silver Hair Moss,Terrestrial,Mosses,Fabronia pusilla,Silver Hair Moss,,Endangered,2012-05-04,2022-05-04,
Falco columbarius - Merlin,Terrestrial,Birds,Falco columbarius,Merlin,,Not at Risk,1985-04-01,1995-04-01,
Falco mexicanus - Prairie Falcon,Terrestrial,Birds,Falco mexicanus,Prairie Falcon,,Not at Risk,1996-04-01,2006-04-01,
Falco peregrinus anatum - Peregrine Falcon anatum subspecies,Terrestrial,Birds,Falco peregrinus anatum,Peregrine Falcon anatum subspecies,,Non-active,2007-04-22,2017-04-22,
Falco peregrinus anatum/tundrius - Peregrine Falcon anatum/tundrius,Terrestrial,Birds,Falco peregrinus anatum/tundrius,Peregrine Falcon anatum/tundrius,,Not at Risk,2017-11-01,2027-11-01,
Falco peregrinus pealei - Peregrine Falcon pealei subspecies,Terrestrial,Birds,Falco peregrinus pealei,Peregrine Falcon pealei subspecies,,Special Concern,2017-11-01,2027-11-01,
Falco rusticolus - Gyrfalcon,Terrestrial,Birds,Falco rusticolus,Gyrfalcon,,Not at Risk,1987-04-01,1997-04-01,
Fisherola nuttallii - Shortface Lanx,Aquatic,Molluscs,Fisherola nuttallii,Shortface Lanx,,Endangered,2016-04-29,2026-04-29,
Fissidens exilis - Pygmy Pocket Moss,Terrestrial,Mosses,Fissidens exilis,Pygmy Pocket Moss,,Not at Risk,2016-04-29,2026-04-29,
Fissidens pauperculus - Poor Pocket Moss,Terrestrial,Mosses,Fissidens pauperculus,Poor Pocket Moss,,Endangered,2022-12-03,2032-12-03,
Fluminicola fuscus - Ashy Pebblesnail,Other,Molluscs,Fluminicola fuscus,Ashy Pebblesnail,,No status,,,2026-04-01
Fulica americana - American Coot,Terrestrial,Birds,Fulica americana,American Coot,,Not at Risk,1991-04-01,2001-04-01,
Galeorhinus galeus - Tope,Aquatic,Fishes (marine),Galeorhinus galeus,Tope,,Special Concern,2021-05-05,2031-05-05,
Gasterosteus aculeatus - Enos Lake Benthic Threespine Stickleback,Aquatic,Fishes (freshwater),Gasterosteus aculeatus,Enos Lake Benthic Threespine Stickleback,,Extinct,2023-12-01,2033-12-01,
Gasterosteus aculeatus - Enos Lake Limnetic Threespine Stickleback,Aquatic,Fishes (freshwater),Gasterosteus aculeatus,Enos Lake Limnetic Threespine Stickleback,,Extinct,2023-12-01,2033-12-01,
Gasterosteus aculeatus - Giant Threespine Stickleback,Aquatic,Fishes (freshwater),Gasterosteus aculeatus,Giant Threespine Stickleback,,Special Concern,2023-12-01,2033-12-01,
Gasterosteus aculeatus - Hadley Lake Benthic Threespine Stickleback,Aquatic,Fishes (freshwater),Gasterosteus aculeatus,Hadley Lake Benthic Threespine Stickleback,,Extinct,2000-05-01,2010-05-01,
Gasterosteus aculeatus - Hadley Lake Limnetic Threespine Stickleback,Aquatic,Fishes (freshwater),Gasterosteus aculeatus,Hadley Lake Limnetic Threespine Stickleback,,Extinct,2000-05-01,2010-05-01,
Gasterosteus aculeatus - Little Quarry Lake Benthic Threespine Stickleback,Aquatic,Fishes (freshwater),Gasterosteus aculeatus,Little Quarry Lake Benthic Threespine Stickleback,,Threatened,2023-12-01,2033-12-01,
Gasterosteus aculeatus - Little Quarry Lake Limnetic Threespine Stickleback,Aquatic,Fishes (freshwater),Gasterosteus aculeatus,Little Quarry Lake Limnetic Threespine Stickleback,,Threatened,2023-12-01,2033-12-01,
Gasterosteus aculeatus - Misty Lake Lentic Threespine Stickleback,Aquatic,Fishes (freshwater),Gasterosteus aculeatus,Misty Lake Lentic Threespine Stickleback,,Endangered,2023-12-01,2033-12-01,
Gasterosteus aculeatus - Misty Lake Lotic Threespine Stickleback,Aquatic,Fishes (freshwater),Gasterosteus aculeatus,Misty Lake Lotic Threespine Stickleback,,Endangered,2023-12-01,2033-12-01,
Gasterosteus aculeatus - Paxton Lake Benthic Threespine Stickleback,Aquatic,Fishes (freshwater),Gasterosteus aculeatus,Paxton Lake Benthic Threespine Stickleback,,Endangered,2023-12-01,2033-12-01,
Gasterosteus aculeatus - Paxton Lake Limnetic Threespine Stickleback,Aquatic,Fishes (freshwater),Gasterosteus aculeatus,Paxton Lake Limnetic Threespine Stickleback,,Endangered,2023-12-01,2033-12-01,
Gasterosteus aculeatus - Unarmoured Threespine Stickleback,Aquatic,Fishes (freshwater),Gasterosteus aculeatus,Unarmoured Threespine Stickleback,,Endangered,2023-12-01,2033-12-01,
Gasterosteus aculeatus - Vananda Creek Benthic Threespine Stickleback,Aquatic,Fishes (freshwater),Gasterosteus aculeatus,Vananda Creek Benthic Threespine Stickleback,,Endangered,2023-12-01,2033-12-01,
Gasterosteus aculeatus - Vananda Creek Limnetic Threespine Stickleback,Aquatic,Fishes (freshwater),Gasterosteus aculeatus,Vananda Creek Limnetic Threespine Stickleback,,Endangered,2023-12-01,2033-12-01,
Gasterosteus spp. - Enos Lake Threespine Sticklebacks,Aquatic,Fishes (freshwater),Gasterosteus spp.,Enos Lake Threespine Sticklebacks,,Non-active,2002-11-01,2012-11-01,
Gavia adamsii - Yellow-billed Loon,Terrestrial,Birds,Gavia adamsii,Yellow-billed Loon,,Not at Risk,1997-04-01,2007-04-01,
Gavia immer - Common Loon,Terrestrial,Birds,Gavia immer,Common Loon,,Not at Risk,1997-04-01,2007-04-01,
Globicephala macrorhynchus - Short-finned Pilot Whale,Aquatic,Mammals (marine),Globicephala macrorhynchus,Short-finned Pilot Whale,,Not at Risk,1993-04-01,2003-04-01,
Gnaphosa snohomish - Georgia Basin Bog Spider,Terrestrial,Arthropods,Gnaphosa snohomish,Georgia Basin Bog Spider,,Special Concern,2012-11-25,2022-11-25,
Gonidea angulata - Rocky Mountain Ridged Mussel,Aquatic,Molluscs,Gonidea angulata,Rocky Mountain Ridged Mussel,,Endangered,2010-11-26,2020-11-26,
Gonidea angulata - Western Ridged Mussel,Aquatic,Molluscs,Gonidea angulata,Western Ridged Mussel,,,,,2025-04-01
Grammia complicata - Island Tiger Moth,Terrestrial,Arthropods,Grammia complicata,Island Tiger Moth,,Threatened,2013-05-03,2023-05-03,
Grampus griseus - Risso's Dolphin,Aquatic,Mammals (marine),Grampus griseus,Risso's Dolphin,,Not at Risk,1990-04-01,2000-04-01,
Grus canadensis tabida - Sandhill Crane tabida subspecies,Terrestrial,Birds,Grus canadensis tabida,Sandhill Crane tabida subspecies,,Not at Risk,1979-04-01,1989-04-01,
Gulo gulo - Wolverine,Terrestrial,Mammals (terrestrial),Gulo gulo,Wolverine,,Special Concern,2014-05-02,2024-05-02,
Gulo gulo - Wolverine (Western population),Terrestrial,Mammals (terrestrial),Gulo gulo,Wolverine,Western population,Non-active,2014-05-02,2024-05-02,
Gulo gulo - Wolverine (original designation),Terrestrial,Mammals (terrestrial),Gulo gulo,Wolverine,original designation,Non-active,1989-04-01,1999-04-01,
Hackelia ciliata - Okanogan Stickseed,Terrestrial,Vascular Plants,Hackelia ciliata,Okanogan Stickseed,,Not at Risk,2007-11-30,2017-11-30,
Haliaeetus leucocephalus - Bald Eagle,Terrestrial,Birds,Haliaeetus leucocephalus,Bald Eagle,,Not at Risk,1984-04-01,1994-04-01,
Haliotis kamtschatkana - Northern Abalone,Aquatic,Molluscs,Haliotis kamtschatkana,Northern Abalone,,Endangered,2009-04-26,2019-04-26,
Haplodontium macrocarpum - Porsild's Bryum,Terrestrial,Mosses,Haplodontium macrocarpum,Porsild's Bryum,,Threatened,2017-11-01,2027-11-01,
Hemileuca nuttalli - Nuttall's Sheep Moth,Terrestrial,Arthropods,Hemileuca nuttalli,Nuttall's Sheep Moth,,Endangered,2015-11-26,2025-11-26,
Hemphillia dromedarius - Dromedary Jumping-slug,Terrestrial,Molluscs,Hemphillia dromedarius,Dromedary Jumping-slug,,Threatened,2014-05-02,2024-05-02,
Hemphillia glandulosa - Warty Jumping-slug,Terrestrial,Molluscs,Hemphillia glandulosa,Warty Jumping-slug,,Special Concern,2013-05-03,2023-05-03,
Hesperia colorado oregonia - Oregon Branded Skipper,Terrestrial,Arthropods,Hesperia colorado oregonia,Oregon Branded Skipper,,Endangered,2013-11-01,2023-11-01,
Hesperochiron pumilus - Dwarf Hesperochiron,Terrestrial,Vascular Plants,Hesperochiron pumilus,Dwarf Hesperochiron,,Endangered,2019-05-03,2029-05-03,
Heterodermia sitchensis - Seaside Centipede Lichen,Terrestrial,Lichens,Heterodermia sitchensis,Seaside Centipede Lichen,,Threatened,2021-05-05,2031-05-05,
Hexanchus griseus - Bluntnose Sixgill Shark,Aquatic,Fishes (marine),Hexanchus griseus,Bluntnose Sixgill Shark,,Special Concern,2007-04-22,2017-04-22,
Hirundo rustica - Barn Swallow,Terrestrial,Birds,Hirundo rustica,Barn Swallow,,Special Concern,2021-05-05,2031-05-05,
Hybognathus hankinsoni - Brassy Minnow (Pacific population),Aquatic,Fishes (freshwater),Hybognathus hankinsoni,Brassy Minnow,Pacific population,Special Concern,2022-05-11,2032-05-11,
Hybognathus hankinsoni - Brassy Minnow (Western Arctic population),Aquatic,Fishes (freshwater),Hybognathus hankinsoni,Brassy Minnow,Western Arctic population,Special Concern,2022-05-11,2032-05-11,
Hypogymnia heterophylla - Seaside Bone Lichen,Terrestrial,Lichens,Hypogymnia heterophylla,Seaside Bone Lichen,,Not at Risk,2022-05-11,2032-05-11,
Hypsiglena chlorophaea - Desert Nightsnake,Terrestrial,Reptiles,Hypsiglena chlorophaea,Desert Nightsnake,,Endangered,2011-05-06,2021-05-06,
Icaricia saepiolus insulanus - Island Blue,Terrestrial,Arthropods,Icaricia saepiolus insulanus,Island Blue,,Endangered,2022-12-03,2032-12-03,
Icteria virens auricollis - Yellow-breasted Chat auricollis subspecies (Southern Mountain population),Terrestrial,Birds,Icteria virens auricollis,Yellow-breasted Chat auricollis subspecies,Southern Mountain population,Endangered,2011-11-25,2021-11-25,
Isoetes minima - Columbia Quillwort,Terrestrial,Vascular Plants,Isoetes minima,Columbia Quillwort,,Endangered,2019-05-03,2029-05-03,
Juncus kelloggii - Kellogg's Rush,Terrestrial,Vascular Plants,Juncus kelloggii,Kellogg's Rush,,Endangered,2003-05-01,2013-05-01,
Kogia breviceps - Pygmy Sperm Whale,Aquatic,Mammals (marine),Kogia breviceps,Pygmy Sperm Whale,,Not at Risk,1994-04-01,2004-04-01,
Kogia simus - Dwarf Sperm Whale,Aquatic,Mammals (marine),Kogia simus,Dwarf Sperm Whale,,Data Deficient,1997-04-01,2007-04-01,
Kootenaia burkei - Pygmy Slug,Terrestrial,Molluscs,Kootenaia burkei,Pygmy Slug,,Special Concern,2016-04-29,2026-04-29,
Lagenorhynchus obliquidens - Pacific White-sided Dolphin,Aquatic,Mammals (marine),Lagenorhynchus obliquidens,Pacific White-sided Dolphin,,Not at Risk,1990-04-01,2000-04-01,
Lampetra richardsoni - Western Brook Lamprey (Morrison Creek population),Aquatic,Fishes (freshwater),Lampetra richardsoni,Western Brook Lamprey,Morrison Creek population,Endangered,2010-04-25,2020-04-25,
Lanius ludovicianus - Loggerhead Shrike,Terrestrial,Birds,Lanius ludovicianus,Loggerhead Shrike,,Non-active,1991-04-01,2001-04-01,
Lasionycteris noctivagans - Silver-haired Bat,Terrestrial,Mammals (terrestrial),Lasionycteris noctivagans,Silver-haired Bat,,Endangered,2023-05-05,2033-05-05,
Lasiopogon pacificus - Pacific Sandpirate,Terrestrial,Arthropods,Lasiopogon pacificus,Pacific Sandpirate,,Special Concern,2024-05-09,2034-05-09,
Lasiurus borealis - Eastern Red Bat,Terrestrial,Mammals (terrestrial),Lasiurus borealis,Eastern Red Bat,,Endangered,2023-05-05,2033-05-05,
Lasiurus cinereus - Hoary Bat,Terrestrial,Mammals (terrestrial),Lasiurus cinereus,Hoary Bat,,Endangered,2023-05-05,2033-05-05,
Lasthenia glaberrima - Rayless Goldfields,Terrestrial,Vascular Plants,Lasthenia glaberrima,Rayless Goldfields,,Endangered,2008-04-25,2018-04-25,
Lathyrus littoralis - Silky Beach Pea,Terrestrial,Vascular Plants,Lathyrus littoralis,Silky Beach Pea,,Threatened,2013-05-03,2023-05-03,
Leptogium platynum - Batwing Vinyl Lichen,Terrestrial,Lichens,Leptogium platynum,Batwing Vinyl Lichen,,Endangered,2011-05-06,2021-05-06,
Leptogium polycarpum - Peacock Vinyl Lichen,Terrestrial,Lichens,Leptogium polycarpum,Peacock Vinyl Lichen,,Special Concern,2011-05-06,2021-05-06,
Lewisiopsis tweedyi - Tweedy's Lewisia,Terrestrial,Vascular Plants,Lewisiopsis tweedyi,Tweedy's Lewisia,,Endangered,2013-11-01,2023-11-01,
Limnanthes macounii - Macoun's Meadowfoam,Terrestrial,Vascular Plants,Limnanthes macounii,Macoun's Meadowfoam,,Special Concern,2023-12-01,2033-12-01,
Limnodromus griseus - Short-billed Dowitcher,Terrestrial,Birds,Limnodromus griseus,Short-billed Dowitcher,,No status,,,2024-11-01
Limosa haemastica - Hudsonian Godwit,Terrestrial,Birds,Limosa haemastica,Hudsonian Godwit,,Threatened,2019-05-03,2029-05-03,
Lipocarpha micrantha - Small-flowered Lipocarpha,Terrestrial,Vascular Plants,Lipocarpha micrantha,Small-flowered Lipocarpha,,Endangered,2002-11-01,2012-11-01,
Lissodelphis borealis - Northern Right Whale Dolphin,Aquatic,Mammals (marine),Lissodelphis borealis,Northern Right Whale Dolphin,,Not at Risk,1990-04-01,2000-04-01,
Lithobates pipiens - Northern Leopard Frog (Rocky Mountain population),Terrestrial,Amphibians,Lithobates pipiens,Northern Leopard Frog,Rocky Mountain population,Endangered,2021-12-01,2031-12-01,
Lobaria retigera - Smoker’s Lung Lichen,Terrestrial,Lichens,Lobaria retigera,Smoker’s Lung Lichen,,Threatened,2018-04-27,2028-04-27,
Lomatium grayi - Gray's Desert-parsley,Terrestrial,Vascular Plants,Lomatium grayi,Gray's Desert-parsley,,Threatened,2008-11-28,2018-11-28,
Lotus formosissimus - Seaside Birds-foot Lotus,Terrestrial,Vascular Plants,Lotus formosissimus,Seaside Birds-foot Lotus,,Endangered,2010-11-26,2020-11-26,
Lotus pinnatus - Bog Bird’s-foot Trefoil,Terrestrial,Vascular Plants,Lotus pinnatus,Bog Bird’s-foot Trefoil,,Endangered,2004-05-01,2014-05-01,
Lupinus densiflorus - Dense-flowered Lupine,Terrestrial,Vascular Plants,Lupinus densiflorus,Dense-flowered Lupine,,Endangered,2005-05-05,2015-05-05,
Lupinus lepidus - Prairie Lupine,Terrestrial,Vascular Plants,Lupinus lepidus,Prairie Lupine,,Endangered,2009-04-26,2019-04-26,
Lupinus oreganus - Oregon Lupine,Terrestrial,Vascular Plants,Lupinus oreganus,Oregon Lupine,,Extirpated,2008-11-28,2018-11-28,
Lupinus rivularis - Streambank Lupine,Terrestrial,Vascular Plants,Lupinus rivularis,Streambank Lupine,,Endangered,2002-11-01,2012-11-01,
Lynx canadensis - Canada Lynx,Terrestrial,Mammals (terrestrial),Lynx canadensis,Canada Lynx,,Not at Risk,2001-05-01,2011-05-01,
Magnipelta mycophaga - Magnum Mantleslug,Terrestrial,Molluscs,Magnipelta mycophaga,Magnum Mantleslug,,Special Concern,2022-12-03,2032-12-03,
Marah oregana - Coastal Manroot,Terrestrial,Vascular Plants,Marah oregana,Coastal Manroot,,Endangered,2022-12-03,2032-12-03,
Marmota vancouverensis - Vancouver Island Marmot,Terrestrial,Mammals (terrestrial),Marmota vancouverensis,Vancouver Island Marmot,,Endangered,2019-05-03,2029-05-03,
Meconella oregana - White Meconella,Terrestrial,Vascular Plants,Meconella oregana,White Meconella,,Endangered,2005-05-05,2015-05-05,
Megaptera novaeangliae - Humpback Whale (Western North Atlantic and North Pacific populations),Aquatic,Mammals (marine),Megaptera novaeangliae,Humpback Whale,Western North Atlantic and North Pacific populations,Non-active,1985-04-01,1995-04-01,
Megaptera novaeangliae kuzira - Humpback Whale (North Pacific population),Aquatic,Mammals (marine),Megaptera novaeangliae kuzira,Humpback Whale,North Pacific population,Special Concern,2022-12-03,2032-12-03,
Megascops kennicottii - Western Screech-owl,Terrestrial,Birds,Megascops kennicottii,Western Screech-owl,,Non-active,2002-05-01,2012-05-01,
Megascops kennicottii kennicottii - Western Screech-owl kennicottii subspecies,Terrestrial,Birds,Megascops kennicottii kennicottii,Western Screech-owl kennicottii subspecies,,Threatened,2012-05-04,2022-05-04,
Megascops kennicottii macfarlanei - Western Screech-owl macfarlanei subspecies,Terrestrial,Birds,Megascops kennicottii macfarlanei,Western Screech-owl macfarlanei subspecies,,Threatened,2012-05-04,2022-05-04,
Melanerpes lewis - Lewis's Woodpecker,Terrestrial,Birds,Melanerpes lewis,Lewis's Woodpecker,,Threatened,2010-04-25,2020-04-25,
Mesoplodon carlhubbsi - Hubbs' Beaked Whale,Aquatic,Mammals (marine),Mesoplodon carlhubbsi,Hubbs' Beaked Whale,,Not at Risk,1989-04-01,1999-04-01,
Mesoplodon stejneri - Stejneger's Beaked Whale,Aquatic,Mammals (marine),Mesoplodon stejneri,Stejneger's Beaked Whale,,Not at Risk,1989-04-01,1999-04-01,
Microbryum vlassovii - Nugget Moss,Terrestrial,Mosses,Microbryum vlassovii,Nugget Moss,,Endangered,2016-11-27,2026-11-27,
Microseris bigelovii - Coast Microseris,Terrestrial,Vascular Plants,Microseris bigelovii,Coast Microseris,,Endangered,2006-04-29,2016-04-29,
Minuartia pusilla - Dwarf Sandwort,Terrestrial,Vascular Plants,Minuartia pusilla,Dwarf Sandwort,,Endangered,2004-05-01,2014-05-01,
Mirounga angustirostris - Northern Elephant Seal,Aquatic,Mammals (marine),Mirounga angustirostris,Northern Elephant Seal,,Not at Risk,1986-04-01,1996-04-01,
Mustela erminea haidarum - Ermine haidarum subspecies,Terrestrial,Mammals (terrestrial),Mustela erminea haidarum,Ermine haidarum subspecies,,Threatened,2015-05-01,2025-05-01,
Myotis keenii - Keen's Long-eared Bat,Terrestrial,Mammals (terrestrial),Myotis keenii,Keen's Long-eared Bat,,Data Deficient,2003-11-01,2013-11-01,
Myotis lucifugus - Little Brown Myotis,Terrestrial,Mammals (terrestrial),Myotis lucifugus,Little Brown Myotis,,Endangered,2013-11-01,2023-11-01,
Myotis septentrionalis - Northern Myotis,Terrestrial,Mammals (terrestrial),Myotis septentrionalis,Northern Myotis,,Endangered,2013-11-01,2023-11-01,
Myotis thysanodes - Fringed Bat,Terrestrial,Mammals (terrestrial),Myotis thysanodes,Fringed Bat,,Data Deficient,2004-05-01,2014-05-01,
Myoxocephalus quadricornis - Fourhorn Sculpin (Salt water form),Aquatic,Fishes (freshwater),Myoxocephalus quadricornis,Fourhorn Sculpin,Salt water form,Not at Risk,1989-04-01,1999-04-01,
Nephroma occultum - Cryptic Paw Lichen,Terrestrial,Lichens,Nephroma occultum,Cryptic Paw Lichen,,Threatened,2019-05-03,2029-05-03,
Numenius americanus - Long-billed Curlew,Terrestrial,Birds,Numenius americanus,Long-billed Curlew,,Threatened,2024-05-09,2034-05-09,
Occella impi - Pixie Poacher,Aquatic,Fishes (marine),Occella impi,Pixie Poacher,,Non-active,2001-11-01,2011-11-01,
Ochotona collaris - Collared Pika,Terrestrial,Mammals (terrestrial),Ochotona collaris,Collared Pika,,Special Concern,2011-11-25,2021-11-25,
Octogomphus specularis - Grappletail,Terrestrial,Arthropods,Octogomphus specularis,Grappletail,,Special Concern,2021-05-05,2031-05-05,
Oedaleontus enigma - Valley Grasshopper,Terrestrial,Arthropods,Oedaleontus enigma,Valley Grasshopper,,No status,,,2024-11-01
Oenothera pallida pallida - Pale Evening-primrose,Terrestrial,Vascular plants,Oenothera pallida pallida,Pale Evening-primrose,,No status,,,2025-11-01
Omus audouini - Audouin’s Night-stalking Tiger Beetle,Terrestrial,Arthropods,Omus audouini,Audouin’s Night-stalking Tiger Beetle,,Threatened,2013-11-01,2023-11-01,
Oncorhynchus clarkii lewisi - Westslope Cutthroat Trout (Pacific populations),Aquatic,Fishes (freshwater),Oncorhynchus clarkii lewisi,Westslope Cutthroat Trout,Pacific populations,Special Concern,2016-11-27,2026-11-27,
Oncorhynchus kisutch - Coho Salmon (Interior Fraser population),Aquatic,Fishes (marine),Oncorhynchus kisutch,Coho Salmon,Interior Fraser population,Threatened,2016-11-27,2026-11-27,
Oncorhynchus mykiss - Steelhead Trout (Chilcotin River population),Aquatic,Fishes (marine),Oncorhynchus mykiss,Steelhead Trout,Chilcotin River population,Endangered,2020-11-04,2030-11-04,
Oncorhynchus mykiss - Steelhead Trout (Thompson River population),Aquatic,Fishes (marine),Oncorhynchus mykiss,Steelhead Trout,Thompson River population,Endangered,2020-11-04,2030-11-04,
Oncorhynchus nerka - Sockeye Salmon (Adams-ES population (original)),Aquatic,Fishes (marine),Oncorhynchus nerka,Sockeye Salmon,Adams-ES population (original),Extinct,2021-12-01,2031-12-01,
Oncorhynchus nerka - Sockeye Salmon (Alouette-ES population (original)),Aquatic,Fishes (marine),Oncorhynchus nerka,Sockeye Salmon,Alouette-ES population (original),Special Concern,2021-12-01,2031-12-01,
Oncorhynchus nerka - Sockeye Salmon (Anderson-Seton-ES population),Aquatic,Fishes (marine),Oncorhynchus nerka,Sockeye Salmon,Anderson-Seton-ES population,Not at Risk,2017-11-01,2027-11-01,
Oncorhynchus nerka - Sockeye Salmon (Bowron-ES population),Aquatic,Fishes (marine),Oncorhynchus nerka,Sockeye Salmon,Bowron-ES population,Endangered,2017-11-01,2027-11-01,
Oncorhynchus nerka - Sockeye Salmon (Chilko-ES population),Aquatic,Fishes (marine),Oncorhynchus nerka,Sockeye Salmon,Chilko-ES population,Not at Risk,2017-11-01,2027-11-01,
Oncorhynchus nerka - Sockeye Salmon (Chilko-S population),Aquatic,Fishes (marine),Oncorhynchus nerka,Sockeye Salmon,Chilko-S population,Not at Risk,2017-11-01,2027-11-01,
Oncorhynchus nerka - Sockeye Salmon (Chilliwack-ES population),Aquatic,Fishes (marine),Oncorhynchus nerka,Sockeye Salmon,Chilliwack-ES population,Not at Risk,2017-11-01,2027-11-01,
Oncorhynchus nerka - Sockeye Salmon (Coquitlam-ES population (original)),Aquatic,Fishes (marine),Oncorhynchus nerka,Sockeye Salmon,Coquitlam-ES population (original),Special Concern,2021-12-01,2031-12-01,
Oncorhynchus nerka - Sockeye Salmon (Cultus-L population),Aquatic,Fishes (marine),Oncorhynchus nerka,Sockeye Salmon,Cultus-L population,Endangered,2017-11-01,2027-11-01,
Oncorhynchus nerka - Sockeye Salmon (Francois-Fraser-S population),Aquatic,Fishes (marine),Oncorhynchus nerka,Sockeye Salmon,Francois-Fraser-S population,Special Concern,2017-11-01,2027-11-01,
Oncorhynchus nerka - Sockeye Salmon (Fraser-ES population (original)),Aquatic,Fishes (marine),Oncorhynchus nerka,Sockeye Salmon,Fraser-ES population (original),Endangered,2021-12-01,2031-12-01,
Oncorhynchus nerka - Sockeye Salmon (Harrison (D/S)-L population),Aquatic,Fishes (marine),Oncorhynchus nerka,Sockeye Salmon,Harrison (D/S)-L population,Special Concern,2017-11-01,2027-11-01,
Oncorhynchus nerka - Sockeye Salmon (Harrison (U/S)-L population),Aquatic,Fishes (marine),Oncorhynchus nerka,Sockeye Salmon,Harrison (U/S)-L population,Endangered,2017-11-01,2027-11-01,
Oncorhynchus nerka - Sockeye Salmon (Harrison River (River-Type) population),Aquatic,Fishes (marine),Oncorhynchus nerka,Sockeye Salmon,Harrison River (River-Type) population,Not at Risk,2017-11-01,2027-11-01,
Oncorhynchus nerka - Sockeye Salmon (Kamloops-ES population),Aquatic,Fishes (marine),Oncorhynchus nerka,Sockeye Salmon,Kamloops-ES population,Special Concern,2017-11-01,2027-11-01,
Oncorhynchus nerka - Sockeye Salmon (Lillooet-Harrison-L population),Aquatic,Fishes (marine),Oncorhynchus nerka,Sockeye Salmon,Lillooet-Harrison-L population,Special Concern,2017-11-01,2027-11-01,
Oncorhynchus nerka - Sockeye Salmon (Momich-ES population (original)),Aquatic,Fishes (marine),Oncorhynchus nerka,Sockeye Salmon,Momich-ES population (original),Endangered,2021-12-01,2031-12-01,
Oncorhynchus nerka - Sockeye Salmon (Nadina-Francois-ES population),Aquatic,Fishes (marine),Oncorhynchus nerka,Sockeye Salmon,Nadina-Francois-ES population,Not at Risk,2017-11-01,2027-11-01,
Oncorhynchus nerka - Sockeye Salmon (Nahatlatch-ES population),Aquatic,Fishes (marine),Oncorhynchus nerka,Sockeye Salmon,Nahatlatch-ES population,Special Concern,2017-11-01,2027-11-01,
Oncorhynchus nerka - Sockeye Salmon (North Barriere-ES population (original)),Aquatic,Fishes (marine),Oncorhynchus nerka,Sockeye Salmon,North Barriere-ES population (original),Extinct,2021-12-01,2031-12-01,
Oncorhynchus nerka - Sockeye Salmon (North Barriere-ES population),Aquatic,Fishes (marine),Oncorhynchus nerka,Sockeye Salmon,North Barriere-ES population,Threatened,2017-11-01,2027-11-01,
Oncorhynchus nerka - Sockeye Salmon (Pitt-ES population),Aquatic,Fishes (marine),Oncorhynchus nerka,Sockeye Salmon,Pitt-ES population,Not at Risk,2017-11-01,2027-11-01,
Oncorhynchus nerka - Sockeye Salmon (Quesnel-S population),Aquatic,Fishes (marine),Oncorhynchus nerka,Sockeye Salmon,Quesnel-S population,Endangered,2017-11-01,2027-11-01,
Oncorhynchus nerka - Sockeye Salmon (Sakinaw population),Aquatic,Fishes (marine),Oncorhynchus nerka,Sockeye Salmon,Sakinaw population,Endangered,2016-04-29,2026-04-29,
Oncorhynchus nerka - Sockeye Salmon (Seton-L population),Aquatic,Fishes (marine),Oncorhynchus nerka,Sockeye Salmon,Seton-L population,Endangered,2017-11-01,2027-11-01,
Oncorhynchus nerka - Sockeye Salmon (Seton-S population (original)),Aquatic,Fishes (marine),Oncorhynchus nerka,Sockeye Salmon,Seton-S population (original),Extinct,2021-12-01,2031-12-01,
Oncorhynchus nerka - Sockeye Salmon (Shuswap Complex-L population),Aquatic,Fishes (marine),Oncorhynchus nerka,Sockeye Salmon,Shuswap Complex-L population,Not at Risk,2017-11-01,2027-11-01,
Oncorhynchus nerka - Sockeye Salmon (Shuswap-ES population),Aquatic,Fishes (marine),Oncorhynchus nerka,Sockeye Salmon,Shuswap-ES population,Not at Risk,2017-11-01,2027-11-01,
Oncorhynchus nerka - Sockeye Salmon (Takla-Trembleur-EStu population),Aquatic,Fishes (marine),Oncorhynchus nerka,Sockeye Salmon,Takla-Trembleur-EStu population,Endangered,2017-11-01,2027-11-01,
Oncorhynchus nerka - Sockeye Salmon (Takla-Trembleur-Stuart-S population),Aquatic,Fishes (marine),Oncorhynchus nerka,Sockeye Salmon,Takla-Trembleur-Stuart-S population,Endangered,2017-11-01,2027-11-01,
Oncorhynchus nerka - Sockeye Salmon (Taseko-ES population),Aquatic,Fishes (marine),Oncorhynchus nerka,Sockeye Salmon,Taseko-ES population,Endangered,2017-11-01,2027-11-01,
Oncorhynchus nerka - Sockeye Salmon (Widgeon (River-Type) population),Aquatic,Fishes (marine),Oncorhynchus nerka,Sockeye Salmon,Widgeon (River-Type) population,Threatened,2017-11-01,2027-11-01,
"Oncorhynchus tshawytscha - Chinook Salmon (East Vancouver Island, Ocean, Fall (EVI + SFj) population)",Aquatic,Fishes (marine),Oncorhynchus tshawytscha,Chinook Salmon,"East Vancouver Island, Ocean, Fall (EVI + SFj) population",Not at Risk,2020-11-04,2030-11-04,
"Oncorhynchus tshawytscha - Chinook Salmon (East Vancouver Island, Ocean, Fall population)",Aquatic,Fishes (marine),Oncorhynchus tshawytscha,Chinook Salmon,"East Vancouver Island, Ocean, Fall population",Special Concern,2020-11-04,2030-11-04,
"Oncorhynchus tshawytscha - Chinook Salmon (East Vancouver Island, Ocean, Summer population)",Aquatic,Fishes (marine),Oncorhynchus tshawytscha,Chinook Salmon,"East Vancouver Island, Ocean, Summer population",Endangered,2020-11-04,2030-11-04,
"Oncorhynchus tshawytscha - Chinook Salmon (East Vancouver Island, Stream, Spring population)",Aquatic,Fishes (marine),Oncorhynchus tshawytscha,Chinook Salmon,"East Vancouver Island, Stream, Spring population",Endangered,2018-11-01,2028-11-01,
"Oncorhynchus tshawytscha - Chinook Salmon (Lower Fraser, Ocean, Fall population)",Aquatic,Fishes (marine),Oncorhynchus tshawytscha,Chinook Salmon,"Lower Fraser, Ocean, Fall population",Threatened,2018-11-01,2028-11-01,
"Oncorhynchus tshawytscha - Chinook Salmon (Lower Fraser, Ocean, Summer population)",Aquatic,Fishes (marine),Oncorhynchus tshawytscha,Chinook Salmon,"Lower Fraser, Ocean, Summer population",Endangered,2020-11-04,2030-11-04,
"Oncorhynchus tshawytscha - Chinook Salmon (Lower Fraser, Stream, Spring population)",Aquatic,Fishes (marine),Oncorhynchus tshawytscha,Chinook Salmon,"Lower Fraser, Stream, Spring population",Special Concern,2018-11-01,2028-11-01,
"Oncorhynchus tshawytscha - Chinook Salmon (Lower Fraser, Stream, Summer (Upper Pitt) population)",Aquatic,Fishes (marine),Oncorhynchus tshawytscha,Chinook Salmon,"Lower Fraser, Stream, Summer (Upper Pitt) population",Endangered,2018-11-01,2028-11-01,
"Oncorhynchus tshawytscha - Chinook Salmon (Lower Fraser, Stream, Summer population)",Aquatic,Fishes (marine),Oncorhynchus tshawytscha,Chinook Salmon,"Lower Fraser, Stream, Summer population",Threatened,2018-11-01,2028-11-01,
"Oncorhynchus tshawytscha - Chinook Salmon (Lower Thompson, Stream, Spring population)",Aquatic,Fishes (marine),Oncorhynchus tshawytscha,Chinook Salmon,"Lower Thompson, Stream, Spring population",Endangered,2020-11-04,2030-11-04,
"Oncorhynchus tshawytscha - Chinook Salmon (Middle Fraser, Stream, Fall population)",Aquatic,Fishes (marine),Oncorhynchus tshawytscha,Chinook Salmon,"Middle Fraser, Stream, Fall population",Endangered,2018-11-01,2028-11-01,
"Oncorhynchus tshawytscha - Chinook Salmon (Middle Fraser, Stream, Spring (MFR+GStr) population)",Aquatic,Fishes (marine),Oncorhynchus tshawytscha,Chinook Salmon,"Middle Fraser, Stream, Spring (MFR+GStr) population",Threatened,2018-11-01,2028-11-01,
"Oncorhynchus tshawytscha - Chinook Salmon (Middle Fraser, Stream, Spring population)",Aquatic,Fishes (marine),Oncorhynchus tshawytscha,Chinook Salmon,"Middle Fraser, Stream, Spring population",Endangered,2018-11-01,2028-11-01,
"Oncorhynchus tshawytscha - Chinook Salmon (Middle Fraser, Stream, Summer population)",Aquatic,Fishes (marine),Oncorhynchus tshawytscha,Chinook Salmon,"Middle Fraser, Stream, Summer population",Threatened,2018-11-01,2028-11-01,
"Oncorhynchus tshawytscha - Chinook Salmon (North Thompson, Stream, Spring population)",Aquatic,Fishes (marine),Oncorhynchus tshawytscha,Chinook Salmon,"North Thompson, Stream, Spring population",Endangered,2018-11-01,2028-11-01,
"Oncorhynchus tshawytscha - Chinook Salmon (North Thompson, Stream, Summer population)",Aquatic,Fishes (marine),Oncorhynchus tshawytscha,Chinook Salmon,"North Thompson, Stream, Summer population",Endangered,2018-11-01,2028-11-01,
Oncorhynchus tshawytscha - Chinook Salmon (Okanagan population),Aquatic,Fishes (marine),Oncorhynchus tshawytscha,Chinook Salmon,Okanagan population,Endangered,2017-04-28,2027-04-28,
"Oncorhynchus tshawytscha - Chinook Salmon (South Coast - Georgia Strait, Ocean, Fall population)",Aquatic,Fishes (marine),Oncorhynchus tshawytscha,Chinook Salmon,"South Coast - Georgia Strait, Ocean, Fall population",Data Deficient,2020-11-04,2030-11-04,
"Oncorhynchus tshawytscha - Chinook Salmon (South Coast - Southern Fjords, Ocean, Fall population)",Aquatic,Fishes (marine),Oncorhynchus tshawytscha,Chinook Salmon,"South Coast - Southern Fjords, Ocean, Fall population",Data Deficient,2020-11-04,2030-11-04,
"Oncorhynchus tshawytscha - Chinook Salmon (South Thompson, Ocean, Summer population)",Aquatic,Fishes (marine),Oncorhynchus tshawytscha,Chinook Salmon,"South Thompson, Ocean, Summer population",Not at Risk,2018-11-01,2028-11-01,
"Oncorhynchus tshawytscha - Chinook Salmon (South Thompson, Stream, Summer 1.2 population)",Aquatic,Fishes (marine),Oncorhynchus tshawytscha,Chinook Salmon,"South Thompson, Stream, Summer 1.2 population",Endangered,2018-11-01,2028-11-01,
"Oncorhynchus tshawytscha - Chinook Salmon (South Thompson, Stream, Summer 1.3 population)",Aquatic,Fishes (marine),Oncorhynchus tshawytscha,Chinook Salmon,"South Thompson, Stream, Summer 1.3 population",Endangered,2020-11-04,2030-11-04,
"Oncorhynchus tshawytscha - Chinook Salmon (Southern Mainland Boundary Bay, Ocean, Fall population)",Aquatic,Fishes (marine),Oncorhynchus tshawytscha,Chinook Salmon,"Southern Mainland Boundary Bay, Ocean, Fall population",Threatened,2020-11-04,2030-11-04,
"Oncorhynchus tshawytscha - Chinook Salmon (Southern Mainland, Ocean, Summer population)",Aquatic,Fishes (marine),Oncorhynchus tshawytscha,Chinook Salmon,"Southern Mainland, Ocean, Summer population",Data Deficient,2018-11-01,2028-11-01,
"Oncorhynchus tshawytscha - Chinook Salmon (Southern Mainland, Stream, Summer population)",Aquatic,Fishes (marine),Oncorhynchus tshawytscha,Chinook Salmon,"Southern Mainland, Stream, Summer population",Data Deficient,2018-11-01,2028-11-01,
"Oncorhynchus tshawytscha - Chinook Salmon (Upper Fraser, Stream, Spring population)",Aquatic,Fishes (marine),Oncorhynchus tshawytscha,Chinook Salmon,"Upper Fraser, Stream, Spring population",Endangered,2018-11-01,2028-11-01,
"Oncorhynchus tshawytscha - Chinook Salmon (West Vancouver Island, Ocean, Fall (Nootka & Kyuquot) population)",Aquatic,Fishes (marine),Oncorhynchus tshawytscha,Chinook Salmon,"West Vancouver Island, Ocean, Fall (Nootka & Kyuquot) population",Threatened,2020-11-04,2030-11-04,
"Oncorhynchus tshawytscha - Chinook Salmon (West Vancouver Island, Ocean, Fall (South) population)",Aquatic,Fishes (marine),Oncorhynchus tshawytscha,Chinook Salmon,"West Vancouver Island, Ocean, Fall (South) population",Threatened,2020-11-04,2030-11-04,
"Oncorhynchus tshawytscha - Chinook Salmon (West Vancouver Island, Ocean, Fall (WVI + WQCI) population)",Aquatic,Fishes (marine),Oncorhynchus tshawytscha,Chinook Salmon,"West Vancouver Island, Ocean, Fall (WVI + WQCI) population",Data Deficient,2020-11-04,2030-11-04,
Orcinus orca - Killer Whale (North Pacific resident populations),Aquatic,Mammals (marine),Orcinus orca,Killer Whale,North Pacific resident populations,Non-active,2001-11-01,2011-11-01,
Orcinus orca - Killer Whale (Northeast Pacific Northern Resident population),Aquatic,Mammals (marine),Orcinus orca,Killer Whale,Northeast Pacific Northern Resident population,Threatened,2023-12-01,2033-12-01,
Orcinus orca - Killer Whale (Northeast Pacific Offshore population),Aquatic,Mammals (marine),Orcinus orca,Killer Whale,Northeast Pacific Offshore population,Threatened,2023-12-01,2033-12-01,
Orcinus orca - Killer Whale (Northeast Pacific Southern Resident population),Aquatic,Mammals (marine),Orcinus orca,Killer Whale,Northeast Pacific Southern Resident population,Endangered,2023-12-01,2033-12-01,
Orcinus orca - Killer Whale (Northeast Pacific Transient population),Aquatic,Mammals (marine),Orcinus orca,Killer Whale,Northeast Pacific Transient population,Threatened,2023-12-01,2033-12-01,
Oreoscoptes montanus - Sage Thrasher,Terrestrial,Birds,Oreoscoptes montanus,Sage Thrasher,,Endangered,2021-12-01,2031-12-01,
Orthocarpus barbatus - Grand Coulee Owl-clover,Terrestrial,Vascular Plants,Orthocarpus barbatus,Grand Coulee Owl-clover,,Endangered,2005-05-05,2015-05-05,
Orthocarpus bracteosus - Rosy Owl-clover,Terrestrial,Vascular Plants,Orthocarpus bracteosus,Rosy Owl-clover,,Endangered,2004-05-01,2014-05-01,
Ostrea lurida - Olympia Oyster,Aquatic,Molluscs,Ostrea lurida,Olympia Oyster,,Special Concern,2011-05-06,2021-05-06,
Otus flammeolus - Flammulated Owl,Terrestrial,Birds,Otus flammeolus,Flammulated Owl,,Special Concern,2010-04-25,2020-04-25,
Oxystegus recurvifolius - Drooping-leaved Beard-moss,Terrestrial,Mosses,Oxystegus recurvifolius,Drooping-leaved Beard-moss,,Endangered,2019-05-03,2029-05-03,
Pantosteus bondi - Cordilleran Sucker,Aquatic,Fishes (freshwater),Pantosteus bondi,Cordilleran Sucker,,Threatened,2022-12-03,2032-12-03,
Patagioenas fasciata - Band-tailed Pigeon,Terrestrial,Birds,Patagioenas fasciata,Band-tailed Pigeon,,Special Concern,2021-05-05,2031-05-05,
Pelecanus erythrorhynchos - American White Pelican,Terrestrial,Birds,Pelecanus erythrorhynchos,American White Pelican,,Not at Risk,1987-04-01,1997-04-01,
Peltigera gowardii - Western Waterfan,Terrestrial,Lichens,Peltigera gowardii,Western Waterfan,,Special Concern,2013-11-01,2023-11-01,
Phacelia ramosissima - Branched Phacelia,Terrestrial,Vascular Plants,Phacelia ramosissima,Branched Phacelia,,Endangered,2005-05-05,2015-05-05,
Phalacrocorax auritus - Double-crested Cormorant,Terrestrial,Birds,Phalacrocorax auritus,Double-crested Cormorant,,Not at Risk,1978-04-01,1988-04-01,
Phalaenoptilus nuttallii - Common Poorwill,Terrestrial,Birds,Phalaenoptilus nuttallii,Common Poorwill,,Data Deficient,1993-04-01,2003-04-01,
Phalaropus lobatus - Red-necked Phalarope,Terrestrial,Birds,Phalaropus lobatus,Red-necked Phalarope,,Special Concern,2014-11-28,2024-11-28,
Phlox speciosa ssp. occidentalis - Showy Phlox,Terrestrial,Vascular Plants,Phlox speciosa ssp. occidentalis,Showy Phlox,,Threatened,2004-11-01,2014-11-01,
Phoca vitulina richardsi - Harbour Seal Pacific subspecies,Aquatic,Mammals (marine),Phoca vitulina richardsi,Harbour Seal Pacific subspecies,,Not at Risk,1999-04-01,2009-04-01,
Phocoena phocoena vomerina - Harbour Porpoise (Pacific Ocean population),Aquatic,Mammals (marine),Phocoena phocoena vomerina,Harbour Porpoise,Pacific Ocean population,Special Concern,2016-04-29,2026-04-29,
Phocoenoides dalli - Dall's Porpoise,Aquatic,Mammals (marine),Phocoenoides dalli,Dall's Porpoise,,Not at Risk,1989-04-01,1999-04-01,
Phoebastria albatrus - Short-tailed Albatross,Terrestrial,Birds,Phoebastria albatrus,Short-tailed Albatross,,Threatened,2013-11-01,2023-11-01,
Phoebastria nigripes - Black-footed Albatross,Terrestrial,Birds,Phoebastria nigripes,Black-footed Albatross,,Special Concern,2007-04-22,2017-04-22,
Phrynosoma douglasii - Pygmy Short-horned Lizard,Terrestrial,Reptiles,Phrynosoma douglasii,Pygmy Short-horned Lizard,,Extirpated,2018-11-01,2028-11-01,
Physella wrighti - Hotwater Physa,Terrestrial,Molluscs,Physella wrighti,Hotwater Physa,,Endangered,2008-04-25,2018-04-25,
Physella wrighti - Liard Hot Springs Snail,Aquatic,Molluscs,Physella wrighti,Liard Hot Springs Snail,,No status,,,2025-04-01
Physeter macrocephalus - Sperm Whale,Aquatic,Mammals (marine),Physeter macrocephalus,Sperm Whale,,Not at Risk,1996-04-01,2006-04-01,
Pinus albicaulis - Whitebark Pine,Terrestrial,Vascular Plants,Pinus albicaulis,Whitebark Pine,,Endangered,2010-04-25,2020-04-25,
Pinus flexilis - Limber Pine,Terrestrial,Vascular Plants,Pinus flexilis,Limber Pine,,Endangered,2014-11-28,2024-11-28,
Pituophis catenifer catenifer - Pacific Gophersnake,Terrestrial,Reptiles,Pituophis catenifer catenifer,Pacific Gophersnake,,Extirpated,2023-05-05,2033-05-05,
Pituophis catenifer deserticola - Great Basin Gophersnake,Terrestrial,Reptiles,Pituophis catenifer deserticola,Great Basin Gophersnake,,Threatened,2013-05-03,2023-05-03,
Plagiobothrys figuratus - Fragrant Popcornflower,Terrestrial,Vascular Plants,Plagiobothrys figuratus,Fragrant Popcornflower,,Endangered,2008-04-25,2018-04-25,
Plagiobothrys tenellus - Slender Popcornflower,Terrestrial,Vascular Plants,Plagiobothrys tenellus,Slender Popcornflower,,Threatened,2008-11-28,2018-11-28,
Plestiodon skiltonianus - Western Skink,Terrestrial,Reptiles,Plestiodon skiltonianus,Western Skink,,Special Concern,2014-11-28,2024-11-28,
Plethodon idahoensis - Coeur d'Alene Salamander,Terrestrial,Amphibians,Plethodon idahoensis,Coeur d'Alene Salamander,,Special Concern,2021-05-05,2031-05-05,
Plethodon vehiculum - Western Red-backed Salamander,Terrestrial,Amphibians,Plethodon vehiculum,Western Red-backed Salamander,,Not at Risk,2001-11-01,2011-11-01,
Podiceps auritus - Horned Grebe,Terrestrial,Birds,Podiceps auritus,Horned Grebe,,Special Concern,2023-12-01,2033-12-01,
Podiceps auritus - Horned Grebe (Western population),Terrestrial,Birds,Podiceps auritus,Horned Grebe,Western population,Non-active,2023-12-01,2033-12-01,
Podiceps grisegena - Red-necked Grebe,Terrestrial,Birds,Podiceps grisegena,Red-necked Grebe,,Not at Risk,1982-04-01,1992-04-01,
Polites sonora - Sonora Skipper,Terrestrial,Arthropods,Polites sonora,Sonora Skipper,,Not at Risk,2016-11-27,2026-11-27,
Polystichum californicum - California Sword Fern,Terrestrial,Vascular Plants,Polystichum californicum,California Sword Fern,,Endangered,2023-05-05,2033-05-05,
Polystichum lemmonii - Lemmon's Holly Fern,Terrestrial,Vascular Plants,Polystichum lemmonii,Lemmon's Holly Fern,,Threatened,2003-05-01,2013-05-01,
Polystichum scopulinum - Mountain Holly Fern,Terrestrial,Vascular Plants,Polystichum scopulinum,Mountain Holly Fern,,Threatened,2005-05-05,2015-05-05,
Polystoechotes punctata - Giant Lacewing,Terrestrial,Arthropods,Polystoechotes punctata,Giant Lacewing,,No status,,,No date found
Pooecetes gramineus affinis - Coastal Vesper Sparrow,Terrestrial,Birds,Pooecetes gramineus affinis,Coastal Vesper Sparrow,,Endangered,2018-04-27,2028-04-27,
Prionace glauca - Blue Shark (North Pacific population),Aquatic,Fishes (marine),Prionace glauca,Blue Shark,North Pacific population,Not at Risk,2016-11-27,2026-11-27,
Prophysaon coeruleum - Blue-grey Taildropper,Terrestrial,Molluscs,Prophysaon coeruleum,Blue-grey Taildropper,,Threatened,2016-04-29,2026-04-29,
Prosopium coulterii - Pygmy Whitefish (Pacific populations),Aquatic,Fishes (freshwater),Prosopium coulterii,Pygmy Whitefish,Pacific populations,Not at Risk,2016-11-27,2026-11-27,
Prosopium coulterii - Pygmy Whitefish (Southwestern Yukon Beringian populations),Aquatic,Fishes (freshwater),Prosopium coulterii,Pygmy Whitefish,Southwestern Yukon Beringian populations,Data Deficient,2016-11-27,2026-11-27,
Prosopium coulterii - Pygmy Whitefish (Western Arctic populations),Aquatic,Fishes (freshwater),Prosopium coulterii,Pygmy Whitefish,Western Arctic populations,Not at Risk,2016-11-27,2026-11-27,
Pseudocyphellaria rainierensis - Oldgrowth Specklebelly,Terrestrial,Lichens,Pseudocyphellaria rainierensis,Oldgrowth Specklebelly,,,,,2025-11-01
Pseudocyphellaria rainierensis - Oldgrowth Specklebelly Lichen,Terrestrial,Lichens,Pseudocyphellaria rainierensis,Oldgrowth Specklebelly Lichen,,Special Concern,2010-04-25,2020-04-25,
Pseudorca crassidens - False Killer Whale,Aquatic,Mammals (marine),Pseudorca crassidens,False Killer Whale,,Not at Risk,1990-04-01,2000-04-01,
Psilocarphus brevissimus - Dwarf Woolly-heads (Southern Mountain population),Terrestrial,Vascular Plants,Psilocarphus brevissimus,Dwarf Woolly-heads,Southern Mountain population,Endangered,2006-04-29,2016-04-29,
Psilocarphus elatior - Tall Woolly-heads,Terrestrial,Vascular Plants,Psilocarphus elatior,Tall Woolly-heads,,Endangered,2018-04-27,2028-04-27,
Psilocarphus tenellus var. tenellus - Slender Woolly-heads,Terrestrial,Vascular Plants,Psilocarphus tenellus var. tenellus,Slender Woolly-heads,,Not at Risk,1996-04-01,2006-04-01,
Psilochorus hesperus - Northwestern Cellar Spider,Terrestrial,Arthropods,Psilochorus hesperus,Northwestern Cellar Spider,,Not at Risk,2014-05-02,2024-05-02,
Pterygoneurum kozlovii - Alkaline Wing-nerved Moss,Terrestrial,Mosses,Pterygoneurum kozlovii,Alkaline Wing-nerved Moss,,Threatened,2004-11-01,2014-11-01,
Ptychoramphus aleuticus - Cassin's Auklet,Terrestrial,Birds,Ptychoramphus aleuticus,Cassin's Auklet,,Special Concern,2014-11-28,2024-11-28,
Pusa hispida - Ringed Seal,Aquatic,Mammals (marine),Pusa hispida,Ringed Seal,,Special Concern,2019-11-29,2029-11-29,
Raja binoculata - Big Skate,Aquatic,Fishes (marine),Raja binoculata,Big Skate,,Not at Risk,2007-04-22,2017-04-22,
Raja rhina - Longnose Skate,Aquatic,Fishes (marine),Raja rhina,Longnose Skate,,Not at Risk,2007-04-22,2017-04-22,
Rana aurora - Northern Red-legged Frog,Terrestrial,Amphibians,Rana aurora,Northern Red-legged Frog,,Special Concern,2015-05-01,2025-05-01,
Rana luteiventris - Columbia Spotted Frog,Terrestrial,Amphibians,Rana luteiventris,Columbia Spotted Frog,,Not at Risk,2000-05-01,2010-05-01,
Rana pretiosa - Oregon Spotted Frog,Terrestrial,Amphibians,Rana pretiosa,Oregon Spotted Frog,,Endangered,2011-05-06,2021-05-06,
Rangifer tarandus - Caribou (Boreal population),Terrestrial,Mammals (terrestrial),Rangifer tarandus,Caribou,Boreal population,Threatened,2014-11-28,2024-11-28,
Rangifer tarandus - Caribou (Central Mountain population),Terrestrial,Mammals (terrestrial),Rangifer tarandus,Caribou,Central Mountain population,Endangered,2014-05-02,2024-05-02,
Rangifer tarandus - Caribou (Northern Mountain population),Terrestrial,Mammals (terrestrial),Rangifer tarandus,Caribou,Northern Mountain population,Special Concern,2014-05-02,2024-05-02,
Rangifer tarandus - Caribou (Southern Mountain population),Terrestrial,Mammals (terrestrial),Rangifer tarandus,Caribou,Southern Mountain population,Endangered,2014-05-02,2024-05-02,
Rangifer tarandus caribou - Woodland Caribou (Northern Mountain population),Terrestrial,Mammals (terrestrial),Rangifer tarandus caribou,Woodland Caribou,Northern Mountain population,Non-active,2014-05-02,2024-05-02,
Rangifer tarandus caribou - Woodland Caribou (Southern Mountain population),Terrestrial,Mammals (terrestrial),Rangifer tarandus caribou,Woodland Caribou,Southern Mountain population,Non-active,2014-05-02,2024-05-02,
Rangifer tarandus caribou - Woodland Caribou (Western population),Terrestrial,Mammals (terrestrial),Rangifer tarandus caribou,Woodland Caribou,Western population,Non-active,2000-05-01,2010-05-01,
Rangifer tarandus dawsoni - Caribou dawsoni subspecies,Terrestrial,Mammals (terrestrial),Rangifer tarandus dawsoni,Caribou dawsoni subspecies,,Extinct,2000-05-01,2010-05-01,
Ranunculus alismifolius - Water-plantain Buttercup,Terrestrial,Vascular Plants,Ranunculus alismifolius,Water-plantain Buttercup,,Endangered,2009-04-26,2019-04-26,
Ranunculus californicus - California Buttercup,Terrestrial,Vascular Plants,Ranunculus californicus,California Buttercup,,Endangered,2008-11-28,2018-11-28,
Reithrodontomys megalotis megalotis - Western Harvest Mouse megalotis subspecies,Terrestrial,Mammals (terrestrial),Reithrodontomys megalotis megalotis,Western Harvest Mouse megalotis subspecies,,Endangered,2019-11-29,2029-11-29,
Rhinichthys cataractae - Nooksack Dace,Aquatic,Fishes (freshwater),Rhinichthys cataractae,Nooksack Dace,,Endangered,2018-11-01,2028-11-01,
Rhinichthys falcatus - Leopard Dace,Aquatic,Fishes (freshwater),Rhinichthys falcatus,Leopard Dace,,Not at Risk,1990-04-01,2000-04-01,
Rhinichthys osculus - Speckled Dace,Aquatic,Fishes (freshwater),Rhinichthys osculus,Speckled Dace,,Endangered,2016-11-27,2026-11-27,
Rhinichthys umatilla - Umatilla Dace,Aquatic,Fishes (freshwater),Rhinichthys umatilla,Umatilla Dace,,Threatened,2010-04-25,2020-04-25,
Rhododendron macrophyllum - Pacific Rhododendron,Terrestrial,Vascular Plants,Rhododendron macrophyllum,Pacific Rhododendron,,Not at Risk,1997-04-01,2007-04-01,
Riparia riparia - Bank Swallow,Terrestrial,Birds,Riparia riparia,Bank Swallow,,Threatened,2013-05-03,2023-05-03,
Rotala ramosior - Toothcup,Terrestrial,Vascular Plants,Rotala ramosior,Toothcup,,Non-active,2014-11-28,2024-11-28,
Rotala ramosior - Toothcup (Southern Mountain population),Terrestrial,Vascular Plants,Rotala ramosior,Toothcup,Southern Mountain population,Endangered,2014-11-28,2024-11-28,
Salvelinus confluentus - Bull Trout (Pacific population),Aquatic,Fishes (freshwater),Salvelinus confluentus,Bull Trout ,Pacific population,,,,2025-04-01
Salvelinus confluentus - Bull Trout (Pacific populations),Aquatic,Fishes (freshwater),Salvelinus confluentus,Bull Trout,Pacific populations,Not at Risk,2012-11-25,2022-11-25,
Salvelinus confluentus - Bull Trout (South Coast British Columbia population),Aquatic,Fishes (freshwater),Salvelinus confluentus,Bull Trout ,South Coast British Columbia population,,,,2025-04-01
Salvelinus confluentus - Bull Trout (South Coast British Columbia populations),Aquatic,Fishes (freshwater),Salvelinus confluentus,Bull Trout,South Coast British Columbia populations,Special Concern,2012-11-25,2022-11-25,
Salvelinus confluentus - Bull Trout (Upper Yukon River population),Aquatic,Fishes (freshwater),Salvelinus confluentus,Bull Trout ,Upper Yukon River population,,,,2025-04-01
Salvelinus confluentus - Bull Trout (Upper Yukon Watershed populations),Aquatic,Fishes (freshwater),Salvelinus confluentus,Bull Trout,Upper Yukon Watershed populations,Data Deficient,2012-11-25,2022-11-25,
Salvelinus confluentus - Bull Trout (Western Arctic population),Aquatic,Fishes (freshwater),Salvelinus confluentus,Bull Trout ,Western Arctic population,,,,2025-04-01
Salvelinus confluentus - Bull Trout (Western Arctic populations),Aquatic,Fishes (freshwater),Salvelinus confluentus,Bull Trout,Western Arctic populations,Special Concern,2012-11-25,2022-11-25,
Sanicula arctopoides - Bear's-foot Sanicle,Terrestrial,Vascular Plants,Sanicula arctopoides,Bear's-foot Sanicle,,Threatened,2015-11-26,2025-11-26,
Sanicula bipinnatifida - Purple Sanicle,Terrestrial,Vascular Plants,Sanicula bipinnatifida,Purple Sanicle,,Threatened,2001-05-01,2011-05-01,
Sardinops sagax - Pacific Sardine,Aquatic,Fishes (marine),Sardinops sagax,Pacific Sardine,,Not at Risk,2002-05-01,2012-05-01,
Satyrium behrii - Behr's Hairstreak,Terrestrial,Arthropods,Satyrium behrii,Behr's Hairstreak,,Endangered,2012-05-04,2022-05-04,
Satyrium semiluna - Half-moon Hairstreak,Terrestrial,Arthropods,Satyrium semiluna,Half-moon Hairstreak,,Non-active,2022-12-03,2032-12-03,
Satyrium semiluna - Half-moon Hairstreak (Okanagan-Similkameen population),Terrestrial,Arthropods,Satyrium semiluna,Half-moon Hairstreak,Okanagan-Similkameen population,Threatened,2022-12-03,2032-12-03,
Scapanus townsendii - Townsend's Mole,Terrestrial,Mammals (terrestrial),Scapanus townsendii,Townsend's Mole,,Endangered,2014-11-28,2024-11-28,
Sclerophora peronella - Frosted Glass-whiskers (Pacific population),Terrestrial,Lichens,Sclerophora peronella,Frosted Glass-whiskers,Pacific population,Data Deficient,2014-11-28,2024-11-28,
Scouleria marginata - Margined Streamside Moss,Terrestrial,Mosses,Scouleria marginata,Margined Streamside Moss,,Endangered,2012-05-04,2022-05-04,
Sebastes crameri - Darkblotched Rockfish,Aquatic,Fishes (marine),Sebastes crameri,Darkblotched Rockfish,,Special Concern,2009-11-27,2019-11-27,
Sebastes maliger - Quillback Rockfish,Aquatic,Fishes (marine),Sebastes maliger,Quillback Rockfish,,Threatened,2009-11-27,2019-11-27,
Sebastes paucispinis - Bocaccio,Aquatic,Fishes (marine),Sebastes paucispinis,Bocaccio,,Endangered,2013-11-01,2023-11-01,
Sebastes pinniger - Canary Rockfish,Aquatic,Fishes (marine),Sebastes pinniger,Canary Rockfish,,Threatened,2007-11-30,2017-11-30,
Sebastes reedi - Yellowmouth Rockfish,Aquatic,Fishes (marine),Sebastes reedi,Yellowmouth Rockfish,,Threatened,2010-04-25,2020-04-25,
Sebastes ruberrimus - Yelloweye Rockfish (Pacific Ocean inside waters population),Aquatic,Fishes (marine),Sebastes ruberrimus,Yelloweye Rockfish,Pacific Ocean inside waters population,Threatened,2020-11-04,2030-11-04,
Sebastes ruberrimus - Yelloweye Rockfish (Pacific Ocean outside waters population),Aquatic,Fishes (marine),Sebastes ruberrimus,Yelloweye Rockfish,Pacific Ocean outside waters population,Threatened,2020-11-04,2030-11-04,
Sebastes sp. type I - Rougheye Rockfish type I,Aquatic,Fishes (marine),Sebastes sp. type I,Rougheye Rockfish type I,,Special Concern,2007-04-22,2017-04-22,
Sebastes sp. type II - Rougheye Rockfish type II,Aquatic,Fishes (marine),Sebastes sp. type II,Rougheye Rockfish type II,,Special Concern,2007-04-22,2017-04-22,
Sebastolobus altivelis - Longspine Thornyhead,Aquatic,Fishes (marine),Sebastolobus altivelis,Longspine Thornyhead,,Special Concern,2007-04-22,2017-04-22,
Seligeria acutifolia - Acuteleaf Small Limestone Moss,Terrestrial,Mosses,Seligeria acutifolia,Acuteleaf Small Limestone Moss,,Endangered,2018-04-27,2028-04-27,
Seligeria careyana - Carey’s Small Limestone Moss,Terrestrial,Mosses,Seligeria careyana,Carey’s Small Limestone Moss,,Endangered,2019-05-03,2029-05-03,
Sericocarpus rigidus - White-top Aster,Terrestrial,Vascular Plants,Sericocarpus rigidus,White-top Aster,,Special Concern,2009-04-26,2019-04-26,
Silene scouleri ssp. grandis - Coastal Scouler's Catchfly,Terrestrial,Vascular Plants,Silene scouleri ssp. grandis,Coastal Scouler's Catchfly,,Endangered,2003-05-01,2013-05-01,
Silene spaldingii - Spalding's Campion,Terrestrial,Vascular Plants,Silene spaldingii,Spalding's Campion,,Endangered,2005-05-05,2015-05-05,
Sorex bendirii - Pacific Water Shrew,Terrestrial,Mammals (terrestrial),Sorex bendirii,Pacific Water Shrew,,Endangered,2016-04-29,2026-04-29,
Spea intermontana - Great Basin Spadefoot,Terrestrial,Amphibians,Spea intermontana,Great Basin Spadefoot,,Threatened,2019-11-29,2029-11-29,
Spermophilus saturatus - Cascade Mantled Ground Squirrel,Terrestrial,Mammals (terrestrial),Spermophilus saturatus,Cascade Mantled Ground Squirrel,,Not at Risk,1992-04-01,2002-04-01,
Sphyrapicus thyroideus - Williamson's Sapsucker,Terrestrial,Birds,Sphyrapicus thyroideus,Williamson's Sapsucker,,Endangered,2017-11-01,2027-11-01,
Spiranthes diluvialis - Ute Ladies’–tresses,Terrestrial,Vascular Plants,Spiranthes diluvialis,Ute Ladies’–tresses,,Endangered,2018-11-01,2028-11-01,
Spirinchus thaleichthys - Longfin Smelt (Pygmy populations),Aquatic,Fishes (freshwater),Spirinchus thaleichthys,Longfin Smelt,Pygmy populations,Data Deficient,2004-11-01,2014-11-01,
Squalus suckleyi - North Pacific Spiny Dogfish,Aquatic,Fishes (marine),Squalus suckleyi,North Pacific Spiny Dogfish,,Special Concern,2011-11-25,2021-11-25,
Staala gwaii - Haida Gwaii Slug,Terrestrial,Molluscs,Staala gwaii,Haida Gwaii Slug,,Special Concern,2013-05-03,2023-05-03,
Steiroxys strepens - Vancouver Island Shieldback,Terrestrial,Arthropods,Steiroxys strepens,Vancouver Island Shieldback,,Endangered,2022-05-11,2032-05-11,
Stenella coeruleoalba - Striped Dolphin,Aquatic,Mammals (marine),Stenella coeruleoalba,Striped Dolphin,,Not at Risk,1993-04-01,2003-04-01,
Sterna caspia - Caspian Tern,Terrestrial,Birds,Sterna caspia,Caspian Tern,,Not at Risk,1999-04-01,2009-04-01,
Sterna forsteri - Forster's Tern,Terrestrial,Birds,Sterna forsteri,Forster's Tern,,Data Deficient,1996-04-01,2006-04-01,
Strix nebulosa - Great Grey Owl,Terrestrial,Birds,Strix nebulosa,Great Grey Owl,,Not at Risk,1996-04-01,2006-04-01,
Strix occidentalis caurina - Spotted Owl caurina subspecies,Terrestrial,Birds,Strix occidentalis caurina,Spotted Owl caurina subspecies,,Endangered,2008-04-25,2018-04-25,
Stylurus olivaceus - Olive Clubtail,Terrestrial,Arthropods,Stylurus olivaceus,Olive Clubtail,,Endangered,2011-05-06,2021-05-06,
Surnia ulula - Northern Hawk Owl,Terrestrial,Birds,Surnia ulula,Northern Hawk Owl,,Not at Risk,1992-04-01,2002-04-01,
Sylvilagus nuttallii nuttallii - Nuttall's Cottontail nuttallii subspecies,Terrestrial,Mammals (terrestrial),Sylvilagus nuttallii nuttallii,Nuttall's Cottontail nuttallii subspecies,,Special Concern,2016-11-27,2026-11-27,
Symphyotrichum frondosum - Short-rayed Alkali Aster,Terrestrial,Vascular Plants,Symphyotrichum frondosum,Short-rayed Alkali Aster,,Endangered,2006-04-29,2016-04-29,
Synthliboramphus antiquus - Ancient Murrelet,Terrestrial,Birds,Synthliboramphus antiquus,Ancient Murrelet,,Special Concern,2014-11-28,2024-11-28,
Syntrichia laevipila - Twisted Oak Moss,Terrestrial,Mosses,Syntrichia laevipila,Twisted Oak Moss,,Special Concern,2014-11-28,2024-11-28,
Talinum sediforme - Fameflower,Terrestrial,Vascular Plants,Talinum sediforme,Fameflower,,Not at Risk,1990-04-01,2000-04-01,
Taxidea taxus - American Badger,Terrestrial,Mammals (terrestrial),Taxidea taxus,American Badger,,Non-active,2000-05-01,2010-05-01,
Taxidea taxus jeffersonii - American Badger jeffersonii subspecies,Terrestrial,Mammals (terrestrial),Taxidea taxus jeffersonii,American Badger jeffersonii subspecies,,Non-active,2012-11-25,2022-11-25,
Taxidea taxus jeffersonii - American Badger jeffersonii subspecies (Eastern population),Terrestrial,Mammals (terrestrial),Taxidea taxus jeffersonii,American Badger jeffersonii subspecies,Eastern population,Endangered,2012-11-25,2022-11-25,
Taxidea taxus jeffersonii - American Badger jeffersonii subspecies (Western population),Terrestrial,Mammals (terrestrial),Taxidea taxus jeffersonii,American Badger jeffersonii subspecies,Western population,Endangered,2012-11-25,2022-11-25,
Thaleichthys pacificus - Eulachon (Central Pacific Coast population),Aquatic,Fishes (marine),Thaleichthys pacificus,Eulachon,Central Pacific Coast population,Endangered,2011-05-06,2021-05-06,
Thaleichthys pacificus - Eulachon (Fraser River population),Aquatic,Fishes (marine),Thaleichthys pacificus,Eulachon,Fraser River population,Endangered,2011-05-06,2021-05-06,
Thaleichthys pacificus - Eulachon (Nass / Skeena Rivers population),Aquatic,Fishes (marine),Thaleichthys pacificus,Eulachon,Nass / Skeena Rivers population,Special Concern,2013-05-03,2023-05-03,
Thamnophis ordinoides - Northwestern Gartersnake,Terrestrial,Reptiles,Thamnophis ordinoides,Northwestern Gartersnake,,Not at Risk,2003-05-01,2013-05-01,
Tonella tenella - Small-flowered Tonella,Terrestrial,Vascular Plants,Tonella tenella,Small-flowered Tonella,,Endangered,2003-11-01,2013-11-01,
Trillium hibbersonii - Hibberson’s Trillium,Terrestrial,Vascular Plants,Trillium hibbersonii,Hibberson’s Trillium,,Threatened,2023-12-01,2033-12-01,
Tringa flavipes - Lesser Yellowlegs,Terrestrial,Birds,Tringa flavipes,Lesser Yellowlegs,,Threatened,2020-11-04,2030-11-04,
Triphysaria versicolor - Bearded Owl-clover,Terrestrial,Vascular Plants,Triphysaria versicolor,Bearded Owl-clover,,Endangered,2011-11-25,2021-11-25,
Triteleia howellii - Howell's Triteleia,Terrestrial,Vascular Plants,Triteleia howellii,Howell's Triteleia,,Endangered,2003-05-01,2013-05-01,
Tryngites subruficollis - Buff-breasted Sandpiper,Terrestrial,Birds,Tryngites subruficollis,Buff-breasted Sandpiper,,Special Concern,2012-05-04,2022-05-04,
Tyto alba - Barn Owl,Terrestrial,Birds,Tyto alba,Barn Owl,,Non-active,1999-04-01,2009-04-01,
Tyto alba - Barn Owl (Western population),Terrestrial,Birds,Tyto alba,Barn Owl,Western population,Threatened,2010-11-26,2020-11-26,
Uropappus lindleyi - Lindley's False Silverpuffs,Terrestrial,Vascular Plants,Uropappus lindleyi,Lindley's False Silverpuffs,,Endangered,2008-04-25,2018-04-25,
Ursus americanus - American Black Bear,Terrestrial,Mammals (terrestrial),Ursus americanus,American Black Bear,,Not at Risk,1999-04-01,2009-04-01,
Ursus arctos - Grizzly Bear,Terrestrial,Mammals (terrestrial),Ursus arctos,Grizzly Bear,,Non-active,1991-04-01,2001-04-01,
Ursus arctos - Grizzly Bear (Northwestern population),Terrestrial,Mammals (terrestrial),Ursus arctos,Grizzly Bear,Northwestern population,Non-active,2012-05-04,2022-05-04,
Ursus arctos - Grizzly Bear (Western population),Terrestrial,Mammals (terrestrial),Ursus arctos,Grizzly Bear,Western population,Special Concern,2012-05-04,2022-05-04,
Vertigo rowellii - Threaded Vertigo,Terrestrial,Molluscs,Vertigo rowellii,Threaded Vertigo,,Special Concern,2022-05-11,2032-05-11,
Viola praemorsa ssp. praemorsa - Yellow Montane Violet praemorsa subspecies,Terrestrial,Vascular Plants,Viola praemorsa ssp. praemorsa,Yellow Montane Violet praemorsa subspecies,,Endangered,2007-11-30,2017-11-30,
Zacoleus idahoensis - Sheathed Slug,Terrestrial,Molluscs,Zacoleus idahoensis,Sheathed Slug,,Special Concern,2016-04-29,2026-04-29,
Zalophus californianus - California Sea Lion,Aquatic,Mammals (marine),Zalophus californianus,California Sea Lion,,Not at Risk,1987-04-01,1997-04-01,
Ziphius cavirostris - Cuvier's Beaked Whale,Aquatic,Mammals (marine),Ziphius cavirostris,Cuvier's Beaked Whale,,Not at Risk,1990-04-01,2000-04-01,
Zygodon gracilis - Slender Yoke-moss,Terrestrial,Mosses,Zygodon gracilis,Slender Yoke-moss,,Endangered,2019-11-29,2029-11-29,
