Group,Priority,Common name,Scientific Name,Location
Amphibians,Group 1 - High priority candidates,Canadian Toad,Anaxyrus hemiophrys,"AB, CWS, MB, NT, Parks, SK"
Amphibians,Group 1 - High priority candidates,Plains Spadefoot,Spea bombifrons,"AB, CWS, MB, Parks, SK"
Amphibians,Group 2 - Mid priority candidates,Northwestern Salamander,Ambystoma gracile,"BC, CWS, Parks"
Amphibians,Group 2 - Mid priority candidates,Cope's Grey Treefrog,Dryophytes chrysoscelis,"CWS, MB, Parks"
Amphibians,Group 2 - Mid priority candidates,Ensatina,Ensatina eschscholtzii,"BC, CWS, Parks"
Amphibians,Group 2 - Mid priority candidates,Four-toed Salamander,Hemidactylium scutatum,"CWS, NB, NS, ON, Parks, QC"
Amphibians,Group 2 - Mid priority candidates,Eastern Red-backed Salamander,Plethodon cinereus,"CWS, NB, NS, ON, Parks, PE, QC"
Amphibians,Group 2 - Mid priority candidates,Columbia Spotted Frog,Rana luteiventris,"AB, BC, CWS, Parks, WMAC-NS, YFWMB, YT"
Amphibians,Group 2 - Mid priority candidates,Pickerel Frog,Rana palustris,"CWS, NB, NS, ON, Parks, PE, QC"
Amphibians,Group 2 - Mid priority candidates,Rough-skinned Newt,Taricha granulosa,"BC, CWS, Parks"
Amphibians,Group 3 - Low priority candidates,Blue-spotted Salamander,Ambystoma laterale,"CWS, MB, NB, NL, NS, ON, Parks, PE, QC"
Amphibians,Group 3 - Low priority candidates,Long-toed Salamander,Ambystoma macrodactylum,"AB, BC, CWS, Parks"
Amphibians,Group 3 - Low priority candidates,Spotted Salamander,Ambystoma maculatum,"CWS, MB, NB, NL, NS, ON, Parks, PE, QC"
Amphibians,Group 3 - Low priority candidates,American Toad,Anaxyrus americanus,"CWS, MB, NB, NL, NS, NU, ON, Parks, PE, QC"
Amphibians,Group 3 - Low priority candidates,Northern Two-lined Salamander,Eurycea bislineata,"CWS, NL, ON, Parks, QC"
Amphibians,Group 3 - Low priority candidates,Gray Treefrog,Hyla versicolor,"CWS, MB, NB, NS, ON, Parks, PE, QC"
Amphibians,Group 3 - Low priority candidates,American Bullfrog,Lithobates catesbeianus,"CWS, NB, NS, ON, Parks, PE, QC"
Amphibians,Group 3 - Low priority candidates,Green Frog,Lithobates clamitans,"CWS, NB, NS, ON, Parks, PE, QC"
Amphibians,Group 3 - Low priority candidates,Mink Frog,Lithobates septentrionalis,"CWS, NB, NS, ON, Parks, PE, QC"
Amphibians,Group 3 - Low priority candidates,Wood Frog,Lithobates sylvaticus,"AB, BC, CWS, GRRB, MB, NB, NL, NS, NT, ON, Parks, PE, QC, SK, YT"
Amphibians,Group 3 - Low priority candidates,Eastern Newt,Notophthalmus viridescens,"CWS, NB, NL, NS, ON, Parks, PE, QC"
Amphibians,Group 3 - Low priority candidates,Western Red-backed Salamander,Plethodon vehiculum,"BC, CWS, Parks"
Amphibians,Group 3 - Low priority candidates,Spring Peeper,Pseudacris crucifer,"CWS, MB, NB, NS, ON, Parks, PE, QC"
Amphibians,Group 3 - Low priority candidates,Boreal Chorus Frog,Pseudacris maculata,"AB, BC, CWS, MB, NT, ON, Parks, QC, SK, YT"
Amphibians,Group 3 - Low priority candidates,Northern Pacific Treefrog,Pseudacris regilla,"BC, CWS, Parks"
Arthropods,Group 1 - High priority candidates,(common name not available),Andrena caerulea,"BC, CWS, Parks"
Arthropods,Group 1 - High priority candidates,(common name not available),Bombus vandykei,"BC, CWS, Parks"
Arthropods,Group 1 - High priority candidates,Moss's Elfin,Callophrys mossii,"BC, CWS, Parks"
Arthropods,Group 1 - High priority candidates,(common name not available),Copablepharon viridisparsa,"AB, CWS, MB, Parks, SK"
Arthropods,Group 1 - High priority candidates,Nevada Buckmoth,Hemileuca nevadensis,"AB, CWS, MB, Parks, SK"
Arthropods,Group 1 - High priority candidates,(common name not available),Hystrichopsylla schefferi,"BC, CWS, Parks"
Arthropods,Group 1 - High priority candidates,Strecker's Giant Skipper,Megathymus streckeri,"AB, CWS, Parks"
Arthropods,Group 1 - High priority candidates,Simius Roadside Skipper,Notamblyscirtes simius,"CMN, CWS, Parks, SK"
Arthropods,Group 1 - High priority candidates,Indra Swallowtail subspecies,Papilio indra indra,"BC, CMN, CWS, Parks"
Arthropods,Group 1 - High priority candidates,Canadian Philaronia,Philaronia canadensis,"CWS, ON, Parks"
Arthropods,Group 2 - Mid priority candidates,Barren's Dagger Moth,Acronicta albarufa,"CWS, MB, ON, Parks"
Arthropods,Group 2 - Mid priority candidates,Beller's Ground Beetle,Agonum belleri,"BC, CWS, Parks"
Arthropods,Group 2 - Mid priority candidates,(common name not available),Andrena edwardsi,"BC, CWS, Parks"
Arthropods,Group 2 - Mid priority candidates,Parasitic Wasp,Apantes samarshalli,"CWS, ON, Parks"
Arthropods,Group 2 - Mid priority candidates,(common name not available),Argyresthia flexilis,"AB, BC, CWS, Parks"
Arthropods,Group 2 - Mid priority candidates,Protean Shieldback,Atlanticus testaceus,"CWS, ON, Parks"
Arthropods,Group 2 - Mid priority candidates,(common name not available),Austrotyla borealis,"AB, CWS, Parks"
Arthropods,Group 2 - Mid priority candidates,(common name not available),Bombus morrisoni,"BC, CWS, Parks"
Arthropods,Group 2 - Mid priority candidates,(common name not available),Bombus variabilis,"CWS, Parks, QC"
Arthropods,Group 2 - Mid priority candidates,(common name not available),Calliopsis scitula,"BC, CWS, Parks"
Arthropods,Group 2 - Mid priority candidates,(common name not available),Cambarus bartonii,"CWS, NB, ON, Parks, QC"
Arthropods,Group 2 - Mid priority candidates,Whitney's Underwing,Catocala whitneyi,"CWS, MB, Parks"
Arthropods,Group 2 - Mid priority candidates,Hoffmann's Checkerspot,Chlosyne hoffmanni,"BC, CWS, Parks"
Arthropods,Group 2 - Mid priority candidates,Pacific Coast Tiger Beetle,Cicindela bellisimi,"BC, CWS, Parks"
Arthropods,Group 2 - Mid priority candidates,(common name not available),Coleotechnites lewisi,"AB, CWS, Parks"
Arthropods,Group 2 - Mid priority candidates,(common name not available),Copablepharon hopfingerii,"BC, CWS, Parks"
Arthropods,Group 2 - Mid priority candidates,Eastern Tailed Blue (British Columbia population),Cupido comyntas,"BC, CWS, Parks"
Arthropods,Group 2 - Mid priority candidates,(common name not available),Dendrotettix quercus,"CWS, ON, Parks"
Arthropods,Group 2 - Mid priority candidates,(common name not available),Dicromantispa sayi,"CWS, ON, Parks"
Arthropods,Group 2 - Mid priority candidates,(common name not available),Dufourea monardae,"CWS, ON, Parks"
Arthropods,Group 2 - Mid priority candidates,(common name not available),Ellipes gurneyi,"CWS, ON, Parks"
Arthropods,Group 2 - Mid priority candidates,Ghost Tiger Beetle,Ellipsoptera lepida,"AB, CWS, MB, ON, Parks, SK"
Arthropods,Group 2 - Mid priority candidates,(common name not available),Eristalis brousii,"CWS, Parks"
Arthropods,Group 2 - Mid priority candidates,Propertius Duskywing,Erynnis propertius,"BC, CWS, Parks"
Arthropods,Group 2 - Mid priority candidates,(common name not available),Eumenes bollii,"CWS, Parks"
Arthropods,Group 2 - Mid priority candidates,(common name not available),Euxoa unica,"CWS, Parks, SK"
Arthropods,Group 2 - Mid priority candidates,(common name not available),Hesperotettix viridis,"BC, CWS, Parks"
Arthropods,Group 2 - Mid priority candidates,Carr's Diving Beetle,Hydroporus carri,"AB, CWS, Parks"
Arthropods,Group 2 - Mid priority candidates,(common name not available),Hyperaspis brunnescens,"CWS, NS, Parks"
Arthropods,Group 2 - Mid priority candidates,(common name not available),Lasioglossum yukonae,"BC, CWS, Parks, YT"
Arthropods,Group 2 - Mid priority candidates,(common name not available),Lasionycta macleani,"BC, CWS, Parks"
Arthropods,Group 2 - Mid priority candidates,Minor Ground Mantid,Litaneutria minor,"AB, BC, CWS, Parks, SK"
Arthropods,Group 2 - Mid priority candidates,Edith's Copper,Lycaena editha,"AB, BC, CWS, Parks"
Arthropods,Group 2 - Mid priority candidates,(common name not available),Lypoglossa manitobae,"CWS, Parks"
Arthropods,Group 2 - Mid priority candidates,Northern Beebandit,Megaphorus willistoni,"BC, CWS, Parks"
Arthropods,Group 2 - Mid priority candidates,(common name not available),Melanoplus digitifer,"BC, CWS, Parks"
Arthropods,Group 2 - Mid priority candidates,(common name not available),Melanoplus rugglesi,"BC, CWS, Parks"
Arthropods,Group 2 - Mid priority candidates,(common name not available),Melanoplus scudderi,"CWS, ON, Parks"
Arthropods,Group 2 - Mid priority candidates,Rocky Mountain Grasshopper,Melanoplus spretus,"AB, CWS, Parks, SK"
Arthropods,Group 2 - Mid priority candidates,(common name not available),Melanoplus walshii,"CWS, ON, Parks"
Arthropods,Group 2 - Mid priority candidates,(common name not available),Metator nevadensis,"BC, CWS, Parks"
Arthropods,Group 2 - Mid priority candidates,Contracted Bombing Beetle,Metrius contractus contractus,"BC, CWS, Parks"
Arthropods,Group 2 - Mid priority candidates,(common name not available),Naemia seriata,"CWS, NB, NS, Parks"
Arthropods,Group 2 - Mid priority candidates,(common name not available),Nebria charlottae,"BC, CWS, Parks"
Arthropods,Group 2 - Mid priority candidates,Gwaii Haanas Ground Beetle,Nebria louisae,"BC, CWS, Parks"
Arthropods,Group 2 - Mid priority candidates,(common name not available),Nephus intrusus,"CWS, ON, Parks"
Arthropods,Group 2 - Mid priority candidates,(common name not available),Nicocles rufus,"BC, CWS, Parks"
Arthropods,Group 2 - Mid priority candidates,(common name not available),Oecanthus laricis,"CWS, ON, Parks"
Arthropods,Group 2 - Mid priority candidates,Gaspé Arctic,Oeneis bore gaspeensis,"CWS, Parks, QC"
Arthropods,Group 2 - Mid priority candidates,(common name not available),Omus dejeanii,"BC, CWS, Parks"
Arthropods,Group 2 - Mid priority candidates,(common name not available),Pachybrachis calcaratus,"CWS, Parks"
Arthropods,Group 2 - Mid priority candidates,(common name not available),Philonthus turbo,"CWS, Parks"
Arthropods,Group 2 - Mid priority candidates,(common name not available),Polites rhesus,"CWS, Parks"
Arthropods,Group 2 - Mid priority candidates,Sandhill Skipper,Polites sabuleti,"BC, CWS, Parks"
Arthropods,Group 2 - Mid priority candidates,(common name not available),Prosimulium doveri,"BC, CWS, Parks"
Arthropods,Group 2 - Mid priority candidates,(common name not available),Scaphinotus merkeli,"BC, CWS, Parks"
Arthropods,Group 2 - Mid priority candidates,(common name not available),Scymnus cervicalis,"CWS, ON, Parks"
Arthropods,Group 2 - Mid priority candidates,(common name not available),Scymnus fraternus,"CWS, ON, Parks, QC"
Arthropods,Group 2 - Mid priority candidates,(common name not available),Scymnus securus,"CWS, ON, Parks"
Arthropods,Group 2 - Mid priority candidates,(common name not available),Sogda enigma,"CWS, Parks"
Arthropods,Group 2 - Mid priority candidates,Bremner's Zerene Fritillary,Speyeria zerene bremnerii,"BC, CWS, Parks"
Arthropods,Group 2 - Mid priority candidates,(common name not available),Stereus arenarius,"AB, CWS, Parks"
Arthropods,Group 2 - Mid priority candidates,(common name not available),Stichopogon fragilis,"BC, CWS, Parks"
Arthropods,Group 2 - Mid priority candidates,(common name not available),Stygobromus quatsinensis,"BC, CWS, Parks"
Arthropods,Group 2 - Mid priority candidates,(common name not available),Trichiusa robustula,"CWS, ON, Parks"
Arthropods,Group 2 - Mid priority candidates,Olympic Peninsula Millipede,Tubaphe levii,"BC, CWS, Parks"
Arthropods,Group 2 - Mid priority candidates,(common name not available),Xanthorhoe clarkeata,"BC, CWS, Parks"
Birds,Group 1 - High priority candidates,LeConte's Sparrow,Ammospiza leconteii,"AB, BC, CWS, MB, NT, ON, Parks, QC, SK"
Birds,Group 1 - High priority candidates,Horned Lark,Eremophila alpestris,"AB, ARRC, BC, CMN, CRRC, CTRRC, CWS, DDRRC, DKRRC, EMRWB, GRRB, LRRC, MB, MDRRC, NB, NJFMC, NL, NMRWB, NS, NT, NU, NWC, NWMB, NYRRC, ON, Parks, PCMB, PE, QC, SK, SRRB, SRRC, TRRC, TWPCB, WMAC-NS, WMAC-NWT, WRRB, YFWMB, YT"
Birds,Group 1 - High priority candidates,Tufted Puffin,Fratercula cirrhata,"CMN, CWS, Parks"
Birds,Group 1 - High priority candidates,Yellow-billed Loon,Gavia adamsii,"AB, BC, CWS, GRRB, MB, NT, NU, NWMB, Parks, QC, SRRB, WMAC-NS, WMAC-NWT, WRRB, YFWMB, YT"
Birds,Group 1 - High priority candidates,Marbled Godwit,Limosa fedoa,"AB, BC, CMN, CWS, MB, ON, Parks, QC, SK"
Birds,Group 1 - High priority candidates,Northern Gannet,Morus bassanus,"CMN, CWS, Parks"
Birds,Group 1 - High priority candidates,Bermuda Petrel,Pterodroma cahow,"Atlantic Ocean, CMN, CWS, NS, Parks"
Birds,Group 1 - High priority candidates,Buller's Shearwater,Puffinus bulleri,"BC, CMN, CWS, Parks"
Birds,Group 1 - High priority candidates,Rufous Hummingbird,Selasphorus rufus,"AB, BC, CMN, CWS, Parks, YT"
Birds,Group 1 - High priority candidates,American Tree Sparrow,Spizella arborea,"AB, BC, CMN, CWS, MB, NB, NL, NS, NT, NU, ON, Parks, PE, QC, SK, YT"
Birds,Group 1 - High priority candidates,Arctic Tern,Sterna paradisaea,"AB, ARRC, BC, CRRC, CTRRC, CWS, DDRRC, DKRRC, EMRWB, GRRB, LRRC, MB, MDRRC, NB, NJFMC, NL, NMRWB, NS, NT, NU, NWC, NWMB, NYRRC, ON, Parks, PCMB, PE, QC, SK, SRRB, SRRC, TWPCB, WMAC-NS, WMAC-NWT, WRRB, YT"
Birds,Group 1 - High priority candidates,Greater Yellowlegs,Tringa melanoleuca,"CMN, CWS, Parks"
Birds,Group 1 - High priority candidates,Solitary Sandpiper,Tringa solitaria,"CMN, CWS, Parks"
Birds,Group 2 - Mid priority candidates,Nelson's Sharp-tailed Sparrow,Ammodramus nelsoni,"AB, BC, CWS, MB, NB, NS, ON, Parks, PE, QC, SK"
Birds,Group 2 - Mid priority candidates,Black Tern,Chlidonias niger,"AB, BC, CWS, MB, NB, NS, NT, ON, Parks, QC, SK, WRRB"
Birds,Group 2 - Mid priority candidates,Dusky Grouse,Dendragapus obscurus,"CMN, CWS, Parks"
Birds,Group 2 - Mid priority candidates,Great Black-backed Gull,Larus marinus,"CMN, CWS, Parks"
Birds,Group 2 - Mid priority candidates,Connecticut Warbler,Oporornis agilis,"AB, BC, CWS, MB, NT, NU, ON, Parks, QC, SK"
Birds,Group 2 - Mid priority candidates,Black-legged Kittiwake,Rissa tridactyla,"BC, CMN, CWS, DFO, NB, NL, NS, Parks, PE"
Birds,Group 2 - Mid priority candidates,Mountain Bluebird,Sialia currucoides,"CMN, CWS, Parks"
Birds,Group 3 - Low priority candidates,Surfbird,Aphriza virgata,"CMN, CWS, Parks"
Birds,Group 3 - Low priority candidates,Black Turnstone,Arenaria melanocephala,"CMN, CWS, Parks"
Birds,Group 3 - Low priority candidates,Upland Sandpiper,Bartramia longicauda,"AB, ARRC, BC, CMN, CRRC, CTRRC, CWS, DDRRC, DKRRC, LRRC, MB, MDRRC, NB, NT, NYRRC, ON, Parks, PE, QC, SK, SRRC, TRRC, YFWMB, YT"
Birds,Group 3 - Low priority candidates,Cedar Waxwing,Bombycilla cedrorum,"AB, BC, CMN, CWS, MB, NB, NL, NS, NT, ON, Parks, PE, QC, SK"
Birds,Group 3 - Low priority candidates,Barrow's Goldeneye (Western population),Bucephala islandica,"AB, BC, CMN, CWS, Parks, YT"
Birds,Group 3 - Low priority candidates,Rock Sandpiper,Calidris ptilocnemis,"CMN, CWS, Parks"
Birds,Group 3 - Low priority candidates,Rhinoceros Auklet,Cerorhinca monocerata,"CMN, CWS, Parks"
Birds,Group 3 - Low priority candidates,Brewer's Blackbird,Euphagus cyanocephalus,"AB, BC, CMN, CWS, MB, NT, ON, Parks, SK"
Birds,Group 3 - Low priority candidates,Atlantic Puffin,Fratercula arctica,"CMN, CWS, Parks"
Birds,Group 3 - Low priority candidates,Short-billed (Mew) Gull,Larus brachyrhynchus,"CMN, CWS, Parks"
Birds,Group 3 - Low priority candidates,Glaucous Gull,Larus hyperboreus,"CMN, CWS, Parks"
Birds,Group 3 - Low priority candidates,Chestnut-backed Chickadee,Poecile rufescens,"AB, BC, CMN, CWS, Parks, YT"
Birds,Group 3 - Low priority candidates,Purple Martin,Progne subis,"AB, BC, CWS, MB, NB, NS, ON, Parks, QC, SK"
Birds,Group 3 - Low priority candidates,American Woodcock,Scolopax minor,"CMN, CWS, Parks"
Birds,Group 3 - Low priority candidates,Blackpoll Warbler,Setophaga striata,"AB, ARRC, BC, CMN, CRRC, CTRRC, CWS, DDRRC, DKRRC, EMRWB, GRRB, LRRC, MB, MDRRC, NB, NL, NMRWB, NS, NT, NU, NWC, NWMB, NYRRC, ON, Parks, PCMB, PE, QC, SK, SRRB, SRRC, TRRC, TWPCB, WMAC-NS, WMAC-NWT, WRRB, YFWMB, YT"
Birds,Group 3 - Low priority candidates,Brewer's Sparrow,Spizella breweri,"CMN, CWS, Parks"
Birds,Group 3 - Low priority candidates,Common Tern,Sterna hirundo,"AB, CWS, HFTCC, MB, NB, NL, NS, NT, ON, Parks, PE, QC, SK, WMAC-NWT, WRRB"
Birds,Group 3 - Low priority candidates,Bewick's Wren,Thryomanes bewickii,"BC, CMN, CWS, Parks"
Birds,Group 3 - Low priority candidates,Wandering Tattler,Tringa incana,"BC, CWS, NT, Parks, YT"
Birds,Group 3 - Low priority candidates,Pacific Wren,Troglodytes pacificus,"AB, BC, CMN, CWS, Parks, YT"
Birds,Group 3 - Low priority candidates,White-throated Sparrow,Zonotrichia albicollis,"CMN, CWS, Parks"
Freshwater Fishes,Group 1 - High priority candidates,Lake Whitefish,Coregonus clupeaformis,"AB, BC, CWS, DFO, FJMC, GRRB, HFTCC, MB, NB, NL, NS, NT, NU, NWMB, ON, Parks, QC, SK, SRRB, YFWMB, YT"
Freshwater Fishes,Group 1 - High priority candidates,European Whitefish,Coregonus lavaretus,"CWS, DFO, NT, Parks, YT"
Freshwater Fishes,Group 1 - High priority candidates,Blackfin Cisco,Coregonus nigripinnis,"CWS, DFO, ON, Parks"
Freshwater Fishes,Group 1 - High priority candidates,Pacific Lamprey,Entosphenus tridentatus,"BC, CWS, DFO, Parks"
Freshwater Fishes,Group 1 - High priority candidates,Banded Killifish (Mainland populations),Fundulus diaphanus,"CWS, DFO, MB, NB, NS, ON, Parks, PE, QC"
Freshwater Fishes,Group 1 - High priority candidates,Chestnut Lamprey (Great Lakes - Upper St. Lawrence populations),Ichthyomyzon castaneus,"CWS, DFO, ON, Parks, QC"
Freshwater Fishes,Group 1 - High priority candidates,Blackchin Shiner,Notropis heterodon,"CWS, DFO, MB, ON, Parks, QC"
Freshwater Fishes,Group 1 - High priority candidates,Stonecat,Noturus flavus,"AB, CWS, DFO, MB, ON, Parks, QC, SK"
Freshwater Fishes,Group 1 - High priority candidates,Coastal Cutthroat Trout,Oncorhynchus clarkii clarkii,"BC, CWS, DFO, NJFMC, Parks, YT"
Freshwater Fishes,Group 1 - High priority candidates,Landlocked Arctic Char,Salvelinus alpinus,"CWS, DFO, FJMC, GRRB, HFTCC, MB, NB, NL, NT, NU, NWMB, Parks, QC, SRRB, YFWMB, YT"
Freshwater Fishes,Group 1 - High priority candidates,Brook Trout,Salvelinus fontinalis,"CWS, DFO, MB, ON, Parks, QC"
Freshwater Fishes,Group 1 - High priority candidates,Arctic Grayling (Western Arctic populations),Thymallus arcticus,"AB, BC, CWS, DFO, GRRB, MB, NT, NU, Parks, SK, YT"
Freshwater Fishes,Group 2 - Mid priority candidates,Cisco (Lake Herring),Coregonus artedi,"AB, BC, CWS, DFO, MB, NT, NU, ON, Parks, QC, SK"
Freshwater Fishes,Group 2 - Mid priority candidates,Arctic Cisco,Coregonus autumnalis,"BC, CWS, DFO, GRRB, NT, NU, Parks, YT"
Freshwater Fishes,Group 2 - Mid priority candidates,Least Cisco,Coregonus sardinella,"BC, CWS, DFO, GRRB, NT, NU, Parks, YT"
Freshwater Fishes,Group 2 - Mid priority candidates,Redbreast Sunfish,Lepomis auritus,"CWS, DFO, NB, Parks"
Freshwater Fishes,Group 2 - Mid priority candidates,Northern Sunfish (Saskatchewan - Nelson River populations),Lepomis peltastes,"CWS, DFO, ON, Parks"
Freshwater Fishes,Group 2 - Mid priority candidates,Silver Redhorse,Moxostoma anisurum,"AB, CWS, DFO, MB, ON, Parks, QC, SK"
Freshwater Fishes,Group 2 - Mid priority candidates,Golden Redhorse,Moxostoma erythrurum,"CWS, DFO, MB, ON, Parks"
Freshwater Fishes,Group 2 - Mid priority candidates,Greater Redhorse,Moxostoma valenciennesi,"CWS, DFO, ON, Parks, QC"
Freshwater Fishes,Group 2 - Mid priority candidates,Fourhorn Sculpin (Freshwater form),Myoxocephalus quadricornis,"CWS, DFO, FJMC, GRRB, NL, NT, NU, NWMB, Parks, WRRB"
Freshwater Fishes,Group 2 - Mid priority candidates,Hornyhead Chub,Nocomis biguttatus,"CWS, DFO, MB, ON, Parks"
Freshwater Fishes,Group 2 - Mid priority candidates,Brindled Madtom,Noturus miurus,"CWS, DFO, ON, Parks"
Freshwater Fishes,Group 2 - Mid priority candidates,Inconnu,Stenodus leucichthys,"BC, CWS, DFO, GRRB, NT, Parks, YT"
Freshwater Fishes,Group 3 - Low priority candidates,Chiselmouth,Acrocheilus alutaceus,"BC, CWS, DFO, Parks"
Freshwater Fishes,Group 3 - Low priority candidates,Yellow Bullhead,Ameiurus natalis,"CWS, DFO, ON, Parks, QC"
Freshwater Fishes,Group 3 - Low priority candidates,Central Stoneroller,Campostoma anomalum,"CWS, DFO, ON, Parks"
Freshwater Fishes,Group 3 - Low priority candidates,Quillback,Carpiodes cyprinus,"AB, CWS, DFO, MB, ON, Parks, QC, SK"
Freshwater Fishes,Group 3 - Low priority candidates,Lake Whitefish (Mira River populations),Coregonus clupeaformis,"CWS, DFO, NS, Parks"
Freshwater Fishes,Group 3 - Low priority candidates,Lake Whitefish (Simcoe Lake populations),Coregonus clupeaformis,"CWS, DFO, ON, Parks"
Freshwater Fishes,Group 3 - Low priority candidates,Bloater,Coregonus hoyi,"CWS, DFO, ON, Parks"
Freshwater Fishes,Group 3 - Low priority candidates,Broad Whitefish,Coregonus nasus,"BC, CWS, DFO, GRRB, NT, NU, Parks, YT"
Freshwater Fishes,Group 3 - Low priority candidates,Slimy Sculpin,Cottus cognatus,"AB, BC, CWS, DFO, GRRB, MB, NB, NL, NS, NT, NU, ON, Parks, PE, QC, SK, YT"
Freshwater Fishes,Group 3 - Low priority candidates,Spoonhead Sculpin,Cottus ricei,"AB, BC, CWS, DFO, FJMC, GRRB, HFTCC, MB, NT, ON, Parks, QC, SK, SRRB, WRRB, YFWMB, YT"
Freshwater Fishes,Group 3 - Low priority candidates,Redfin Pickerel,Esox americanus americanus,"CWS, DFO, Parks, QC"
Freshwater Fishes,Group 3 - Low priority candidates,Muskellunge,Esox masquinongy,"CWS, DFO, MB, ON, Parks, QC"
Freshwater Fishes,Group 3 - Low priority candidates,Chain Pickerel,Esox niger,"CWS, DFO, Parks, QC"
Freshwater Fishes,Group 3 - Low priority candidates,Greenside Darter,Etheostoma blennioides,"CWS, DFO, ON, Parks"
Freshwater Fishes,Group 3 - Low priority candidates,Rainbow Darter,Etheostoma caeruleum,"CWS, DFO, ON, Parks"
Freshwater Fishes,Group 3 - Low priority candidates,Least Darter,Etheostoma microperca,"CWS, DFO, ON, Parks"
Freshwater Fishes,Group 3 - Low priority candidates,Tessellated Darter,Etheostoma olmstedi,"CWS, DFO, ON, Parks, QC"
Freshwater Fishes,Group 3 - Low priority candidates,Eastern Silvery Minnow,Hybognathus regius,"CWS, DFO, ON, Parks, QC"
Freshwater Fishes,Group 3 - Low priority candidates,Chestnut Lamprey (Saskatchewan-Nelson River Populations),Ichthyomyzon castaneus,"CWS, DFO, MB, ON, Parks, SK"
Freshwater Fishes,Group 3 - Low priority candidates,Bigmouth Buffalo (Great Lakes - Upper St. Lawrence Populations),Ictiobus cyprinellus,"CWS, DFO, ON, Parks"
Freshwater Fishes,Group 3 - Low priority candidates,Black Buffalo,Ictiobus niger,"CWS, DFO, ON, Parks"
Freshwater Fishes,Group 3 - Low priority candidates,Brook Silverside,Labidesthes sicculus,"CWS, DFO, ON, Parks, QC"
Freshwater Fishes,Group 3 - Low priority candidates,Green Sunfish,Lepomis cyanellus,"CWS, DFO, ON, Parks"
Freshwater Fishes,Group 3 - Low priority candidates,Alaskan Brook Lamprey,Lethenteron alaskense,"CWS, DFO, NT, Parks"
Freshwater Fishes,Group 3 - Low priority candidates,Striped Shiner,Luxilus chrysocephalus,"CWS, DFO, ON, Parks"
Freshwater Fishes,Group 3 - Low priority candidates,Redfin Shiner,Lythrurus umbratilis,"CWS, DFO, ON, Parks"
Freshwater Fishes,Group 3 - Low priority candidates,Silver Chub (Saskatchewan - Nelson River populations),Macrhybopsis storeriana,"CWS, DFO, MB, Parks"
Freshwater Fishes,Group 3 - Low priority candidates,Northern Pearl Dace,Margariscus nachtiebi,"AB, BC, CWS, DFO, MB, NB, NL, NS, NT, ON, Parks, QC, SK"
Freshwater Fishes,Group 3 - Low priority candidates,River Chub,Nocomis micropogon,"CWS, DFO, ON, Parks"
Freshwater Fishes,Group 3 - Low priority candidates,River Shiner,Notropis blennius,"AB, CWS, DFO, MB, ON, Parks, SK"
Freshwater Fishes,Group 3 - Low priority candidates,Ghost Shiner,Notropis buchanani,"CWS, DFO, ON, Parks"
Freshwater Fishes,Group 3 - Low priority candidates,Bigmouth Shiner,Notropis dorsalis,"CWS, DFO, MB, Parks"
Freshwater Fishes,Group 3 - Low priority candidates,Rosyface Shiner,Notropis rubellus,"CWS, DFO, ON, Parks, QC"
Freshwater Fishes,Group 3 - Low priority candidates,Weed Shiner,Notropis texanus,"CWS, DFO, MB, Parks"
Freshwater Fishes,Group 3 - Low priority candidates,Margined Madtom,Noturus insignis,"CWS, DFO, ON, Parks, QC"
Freshwater Fishes,Group 3 - Low priority candidates,Blackside Darter,Percina maculata,"CWS, DFO, MB, ON, Parks, SK"
Freshwater Fishes,Group 3 - Low priority candidates,Bluntnose Minnow,Pimephales notatus,"CWS, DFO, MB, ON, Parks, QC"
Freshwater Fishes,Group 3 - Low priority candidates,Round Whitefish,Prosopium cylindraceum,"AB, BC, CWS, DFO, FJMC, GRRB, HFTCC, MB, NB, NL, NT, NU, NWMB, ON, Parks, QC, SK, SRRB, YFWMB, YT"
Freshwater Fishes,Group 3 - Low priority candidates,Flathead Catfish,Pylodictis olivaris,"CWS, DFO, ON, Parks"
Freshwater Fishes,Group 3 - Low priority candidates,Eastern Blacknose Dace,Rhinichthys atratulus,"CWS, DFO, NB, ON, Parks, QC"
Freshwater Fishes,Group 3 - Low priority candidates,Leopard Dace,Rhinichthys falcatus,"BC, CWS, DFO, Parks"
Freshwater Fishes,Group 3 - Low priority candidates,Western Blacknose Dace,Rhinichthys obtusus,"CWS, DFO, MB, ON, Parks, SK"
Freshwater Fishes,Group 3 - Low priority candidates,Lake Trout,Salvelinus namaycush,"AB, CWS, DFO, GRRB, MB, NB, NL, NS, NT, NU, ON, Parks, QC, SK, YT"
Freshwater Fishes,Group 3 - Low priority candidates,Longfin Smelt,Spirinchus thaleichthys,"BC, CWS, DFO, Parks"
Lichens,Group 1 - High priority candidates,(common name not available),Fuscopannaria frullaniae,"CMN, CWS, NB, NL, NS, Parks"
Lichens,Group 1 - High priority candidates,(common name not available),Fuscopannaria nebulosa,"AB, CMN, CWS, Parks"
Lichens,Group 1 - High priority candidates,Giant Candlewax,Ricasolia amplissima subsp. sheiyi,"BC, CMN, CWS, Parks"
Lichens,Group 1 - High priority candidates,Old Grey Crosslobes,Rockefellera crossophylla,"CMN, CWS, NS, Parks, QC"
Lichens,Group 1 - High priority candidates,(common name not available),Squamarina kansuensis,"AB, CMN, CWS, Parks, SK"
Lichens,Group 1 - High priority candidates,Moon Lichen,Sticta canariensis,"CMN, CWS, ON, Parks"
Lichens,Group 1 - High priority candidates,Powdered Moon Lichen (Eastern population),Sticta limbata,"CMN, CWS, NB, NS, Parks, QC"
Lichens,Group 2 - Mid priority candidates,Hemlock Stubble,Chaenothecopsis tsugae,"BC, CMN, CWS, NB, NS, Parks, QC"
Lichens,Group 2 - Mid priority candidates,Half Moon Lichen,Dendriscosticta oroborealis,"BC, CMN, CWS, Parks"
Lichens,Group 2 - Mid priority candidates,Fissured Stippleback Lichen,Dermatocarpon dolomiticum,"CMN, CWS, ON, Parks, SK"
Lichens,Group 2 - Mid priority candidates,Corrugated Shingles Lichen,Fuscopannaria ahlneri,"BC, CMN, CWS, NB, NL, NS, ON, Parks"
Lichens,Group 2 - Mid priority candidates,Coral Shingle Lichen,Fuscopannaria coralloidea,"BC, CMN, CWS, Parks"
Lichens,Group 2 - Mid priority candidates,Soil Ruby Lichen,Heppia adglutianata,"CMN, CWS, ON, Parks"
Lichens,Group 2 - Mid priority candidates,Coral-rimmed Shingle Lichen,Pannaria tavaresii,"CMN, CWS, NS, ON, Parks"
Lichens,Group 2 - Mid priority candidates,Red Oak Stubble,Phaeocalicium minutissimum,"CMN, CWS, NB, Parks, QC"
Lichens,Group 2 - Mid priority candidates,Jelly Strap Lichen,Thyrea confusa,"BC, CMN, CWS, ON, Parks, QC"
Lichens,Group 3 - Low priority candidates,Whiskered Millipede Lichen,Anaptychia elbursiana,"AB, BC, CMN, CWS, Parks"
Lichens,Group 3 - Low priority candidates,(common name not available),Aspicilia aspera,"BC, CMN, CWS, Parks"
Lichens,Group 3 - Low priority candidates,Languid Horsehair Lichen,Bryoria carlottae,"BC, CMN, CWS, Parks"
Lichens,Group 3 - Low priority candidates,Mottled Horsehair Lichen,Bryoria cervinula,"BC, CMN, CWS, NT, Parks"
Lichens,Group 3 - Low priority candidates,Flexuous Golden Stubble,Chaenotheca servitii,"CMN, CWS, NS, Parks, SK"
Lichens,Group 3 - Low priority candidates,Rosin Whiskers,Chaenothecopsis oregana,"AB, CMN, CWS, Parks, QC"
Lichens,Group 3 - Low priority candidates,(common name not available),Dendriscosticta gelida,"BC, CMN, CWS, ON, Parks"
Lichens,Group 3 - Low priority candidates,Gypsum Earthscale Lichen,Gypsoplaca macrophylla,"AB, BC, CMN, CWS, NT, Parks, YT"
Lichens,Group 3 - Low priority candidates,Tube Lichen,Hypogymnia pulverata,"CMN, CWS, NL, Parks, QC"
Lichens,Group 3 - Low priority candidates,Blistered Jellyskin,Leptogium corticola,"CMN, CWS, NB, NS, ON, Parks"
Lichens,Group 3 - Low priority candidates,Parasitic Velvet Lichen,Lichenoidium sirosiphoidium,"BC, CMN, CWS, NL, Parks"
Lichens,Group 3 - Low priority candidates,Powdery Fog Lichen,Niebla cephalota,"BC, CMN, CWS, Parks"
Lichens,Group 3 - Low priority candidates,Poor-man's Shingle Lichen,Parmeliella parvula,"BC, CMN, CWS, NL, NS, Parks"
Lichens,Group 3 - Low priority candidates,Powdery Rock-olive Lichen,Peltula euploca,"BC, CMN, CWS, Parks"
Lichens,Group 3 - Low priority candidates,Ghost Antler Lichen,Pseudevernia cladonia,"CMN, CWS, NB, NS, Parks, QC"
Lichens,Group 3 - Low priority candidates,Antler Lichen,Pseudevernia consocians,"AB, CMN, CWS, MB, NS, ON, Parks, QC, SK"
Lichens,Group 3 - Low priority candidates,Blinking Speckleback Lichen,Punctelia borreri,"CMN, CWS, ON, Parks, QC"
Lichens,Group 3 - Low priority candidates,Collared Glass-whiskers Lichen,Sclerophora amabilis,"AB, BC, CMN, CWS, NB, Parks, PE"
Lichens,Group 3 - Low priority candidates,(common name not available),Sticta torrii,"BC, CMN, CWS, Parks"
Lichens,Group 3 - Low priority candidates,Crannied Orangebush Lichen,Xanthaptychia contortuplicata,"AB, BC, CMN, CWS, NT, Parks, YT"
Marine fishes,Group 1 - High priority candidates,Yellowtail Flounder,Limanda ferruginea,"Atlantic Ocean, CWS, DFO, NB, NL, NS, Parks, PE"
Marine fishes,Group 1 - High priority candidates,Pink Salmon (Haida Gwaii population),Oncorhynchus gorbuscha,"BC, CMN, CWS, DFO, Parks, Pacific Ocean"
Marine fishes,Group 1 - High priority candidates,Pink Salmon (Skeena River populations),Oncorhynchus gorbuscha,"BC, CMN, CWS, DFO, Parks, Pacific Ocean"
Marine fishes,Group 1 - High priority candidates,Chum Salmon (Central Coast population),Oncorhynchus keta,"BC, CMN, CWS, DFO, Parks, Pacific Ocean"
Marine fishes,Group 1 - High priority candidates,Chum Salmon (Haida Gwaii population),Oncorhynchus keta,"BC, CMN, CWS, DFO, Parks, Pacific Ocean"
Marine fishes,Group 1 - High priority candidates,Chum Salmon (Skeena River populations),Oncorhynchus keta,"BC, CWS, DFO, Parks, Pacific Ocean"
Marine fishes,Group 1 - High priority candidates,Coho Salmon (Central Coast population),Oncorhynchus kisutch,"BC, CMN, CWS, DFO, Parks, Pacific Ocean"
Marine fishes,Group 1 - High priority candidates,Sockeye Salmon (Central Coast population),Oncorhynchus nerka,"BC, CMN, CWS, DFO, Parks, Pacific Ocean"
Marine fishes,Group 1 - High priority candidates,Chinook Salmon (Yukon River and transboundary populations),Oncorhynchus tshawytscha,"BC, CWS, DFO, Parks, Pacific Ocean, YT"
Marine fishes,Group 1 - High priority candidates,Acadian Redfish (Atlantic population),Sebastes fasciatus,"Atlantic Ocean, CMN, CWS, DFO, HFTCC, NB, NL, NS, NWMB, Parks, PE, TJFB, TWPCB"
Marine fishes,Group 1 - High priority candidates,Acadian Redfish (Bonne Bay population),Sebastes fasciatus,"Atlantic Ocean, CMN, CWS, DFO, HFTCC, NB, NL, NS, NWMB, Parks, PE, TJFB, TWPCB"
Marine fishes,Group 1 - High priority candidates,Quillback Rockfish,Sebastes maliger,"BC, CMN, CWS, DFO, NJFMC, Parks, Pacific Ocean"
Marine fishes,Group 1 - High priority candidates,Deepwater Redfish (Northern population),Sebastes mentella,"Atlantic Ocean, CMN, CWS, DFO, HFTCC, NB, NL, NS, NWMB, Parks, PE, TJFB, TWPCB"
Marine fishes,Group 1 - High priority candidates,Deepwater Redfish (Gulf of St. Lawrence - Laurentian Channel population),Sebastes mentella,"Atlantic Ocean, CMN, CWS, DFO, HFTCC, NB, NL, NS, NWMB, Parks, PE, TJFB, TWPCB"
Marine fishes,Group 1 - High priority candidates,Yellowmouth Rockfish,Sebastes reedi,"BC, CMN, CWS, DFO, NJFMC, NWC, Parks, Pacific Ocean, YFWMB"
Marine fishes,Group 1 - High priority candidates,Rougheye Rockfish type II,Sebastes sp. Type II,"BC, CMN, CWS, DFO, Parks, Pacific Ocean"
Marine fishes,Group 1 - High priority candidates,Rougheye Rockfish type I,Sebastes sp. type I,"BC, CMN, CWS, DFO, NJFMC, Parks, Pacific Ocean"
Marine fishes,Group 2 - Mid priority candidates,Basking Shark,Cetorhinus maximus,"Atlantic Ocean, CMN, CWS, DFO, NB, NL, NS, Parks, PE"
Marine fishes,Group 2 - Mid priority candidates,Roundnose Grenadier,Coryphaenoides rupestris,"Atlantic Ocean, CMN, CWS, DFO, NB, NL, NS, NU, NWMB, Parks, PE"
Marine fishes,Group 2 - Mid priority candidates,Atlantic Cod,Gadus morhua,"Atlantic Ocean, CMN, CWS, DFO, NB, NL, NS, NWMB, Parks, PE"
Marine fishes,Group 2 - Mid priority candidates,Pink Salmon (Central Coast population),Oncorhynchus gorbuscha,"BC, CMN, CWS, DFO, Parks, Pacific Ocean"
Marine fishes,Group 2 - Mid priority candidates,Pink Salmon (Vancouver Island and Mainland Inlets),Oncorhynchus gorbuscha,"BC, CMN, CWS, DFO, Parks, Pacific Ocean"
Marine fishes,Group 2 - Mid priority candidates,Chum Salmon (Vancouver Island and Mainland Inlets),Oncorhynchus keta,"BC, CMN, CWS, DFO, Parks, Pacific Ocean"
Marine fishes,Group 2 - Mid priority candidates,Coho Salmon (Skeena River populations),Oncorhynchus kisutch,"BC, CMN, CWS, DFO, Parks, Pacific Ocean"
Marine fishes,Group 2 - Mid priority candidates,Sockeye Salmon (Vancouver Island and Mainland Inlets),Oncorhynchus nerka,"BC, CMN, CWS, DFO, Parks, Pacific Ocean"
Marine fishes,Group 2 - Mid priority candidates,Darkblotched Rockfish,Sebastes crameri,"BC, CMN, CWS, DFO, NJFMC, Parks, Pacific Ocean"
Marine fishes,Group 2 - Mid priority candidates,Canary Rockfish,Sebastes pinniger,"BC, CMN, CWS, DFO, Parks, Pacific Ocean"
Marine fishes,Group 2 - Mid priority candidates,Spiny Dogfish,Squalus acanthias,"Atlantic Ocean, CMN, CWS, DFO, NB, NL, NS, Parks, PE"
Marine fishes,Group 3 - Low priority candidates,No candidates currently listed
Marine mammals,Group 1 - High priority candidates,Guadalupe Fur Seal,Arctocephalus townsendi,"CWS, DFO, Parks, Pacific Ocean"
Marine mammals,Group 1 - High priority candidates,Hooded Seal,Cystophora cristata,"Arctic Ocean, Atlantic Ocean, CWS, DFO, NU, NWMB, Parks"
Marine mammals,Group 1 - High priority candidates,Bearded Seal,Erignathus barbatus,"Arctic Ocean, CWS, DFO, FJMC, HFTCC, MB, NL, NT, NU, NWMB, ON, Parks, QC, YT"
Marine mammals,Group 1 - High priority candidates,Harp Seal,Phoca groenlandica,"Arctic Ocean, Atlantic Ocean, CWS, DFO, NL, Parks"
Marine mammals,Group 2 - Mid priority candidates,Baird's Beaked Whale,Berardius bairdii,"CWS, DFO, Parks, Pacific Ocean"
Marine mammals,Group 2 - Mid priority candidates,Sperm Whale,Physeter macrocephalus,"CWS, DFO, NWMB, Parks"
Marine mammals,Group 2 - Mid priority candidates,Cuvier's Beaked Whale,Ziphius cavirostris,"Atlantic Ocean, CWS, DFO, Parks, Pacific Ocean"
Marine mammals,Group 3 - Low priority candidates,Pacific White-sided Dolphin,Lagenorhynchus obliquidens,"CWS, DFO, Parks, Pacific Ocean"
Marine mammals,Group 3 - Low priority candidates,Northern Elephant Seal,Mirounga angustirostris,"BC, CWS, DFO, Parks, Pacific Ocean"
Molluscs,Group 1 - High priority candidates,Black Sandshell,Ligumia recta,"CMN, CWS, MB, ON, Parks, QC, SK"
Molluscs,Group 1 - High priority candidates,Yellow Goblet,Mesodon clausus,"CMN, CWS, ON, Parks"
Molluscs,Group 1 - High priority candidates,Flat Dome,Ventridens suppressus,"CMN, CWS, ON, Parks"
Molluscs,Group 1 - High priority candidates,Velvet Wedge,Xolotrema denotatum,"CMN, CWS, ON, Parks"
Molluscs,Group 2 - Mid priority candidates,Globe Siltsnail,Birgella subglobosa,"CMN, CWS, MB, ON, Parks, QC"
Molluscs,Group 2 - Mid priority candidates,Bugle Sprite,Micromenetus dilatatus,"CMN, CWS, NS, Parks"
Molluscs,Group 2 - Mid priority candidates,Boundary Mountainsnail,Oreohelix subrudis limitaris,"AB, CMN, CWS, Parks"
Molluscs,Group 2 - Mid priority candidates,Blunt Albino Physa,Physella gyrina athearni,"AB, CMN, CWS, Parks"
Molluscs,Group 2 - Mid priority candidates,Ornamented Peaclam,Pisidium cruciatum,"CMN, CWS, ON, Parks"
Molluscs,Group 2 - Mid priority candidates,Corpulent Rams-horn,Planorbella corpulenta,"CMN, CWS, MB, ON, Parks"
Molluscs,Group 2 - Mid priority candidates,Whiteaves's Capacious Rams-horn,Planorbella corpulenta whiteavesi,"CMN, CWS, ON, Parks"
Molluscs,Group 3 - Low priority candidates,Spindle Lymnaea,Acella haldemani,"CMN, CWS, MB, ON, Parks, QC"
Molluscs,Group 3 - Low priority candidates,Slippershell,Alasmidonta viridis,"CMN, CWS, ON, Parks"
Molluscs,Group 3 - Low priority candidates,Pimpleback,Cyclonaias pustulosa,"CMN, CWS, ON, Parks"
Molluscs,Group 3 - Low priority candidates,Bark Snaggletooth,Gastrocopta corticaria,"CMN, CWS, NB, ON, Parks, QC"
Molluscs,Group 3 - Low priority candidates,Lake Superior Rams-horn,Helisoma anceps royalense,"CMN, CWS, MB, ON, Parks"
Molluscs,Group 3 - Low priority candidates,Flutedshell,Lasmigona costata,"CMN, CWS, MB, ON, Parks, QC"
Molluscs,Group 3 - Low priority candidates,Tidewater Mucket,Leptodea ochracea,"CMN, CWS, NB, NS, Parks"
Molluscs,Group 3 - Low priority candidates,Eastern Pearl Mussel,Margaritifera margaritifera,"CMN, CWS, NB, NL, NS, Parks, PE, QC"
Molluscs,Group 3 - Low priority candidates,Rotund Physa,Physella columbiana,"BC, CMN, CWS, Parks"
Molluscs,Group 3 - Low priority candidates,Haldeman's Physa,Physella concolor,"BC, CMN, CWS, Parks"
Molluscs,Group 3 - Low priority candidates,Grain physa,Physella hordacea,"BC, CMN, CWS, DFO, Parks"
Molluscs,Group 3 - Low priority candidates,Twisted Physa,Physella lordi,"AB, BC, CMN, CWS, Parks"
Molluscs,Group 3 - Low priority candidates,Nuttall's Physa,Physella nuttalli,"BC, CMN, CWS, Parks"
Molluscs,Group 3 - Low priority candidates,Tiny Peaclam,Pisidium insigne,"AB, BC, CMN, CWS, ON, Parks, PE"
Molluscs,Group 3 - Low priority candidates,Slender Walker,Pomatiopsis lapidaria,"CMN, CWS, ON, Parks"
Molluscs,Group 3 - Low priority candidates,Mountain Marshsnail,Stagnicola montanensis,"AB, CMN, CWS, Parks"
Molluscs,Group 3 - Low priority candidates,Calabash Pondsnail,Stagnicola walkeriana,"CMN, CWS, ON, Parks"
Molluscs,Group 3 - Low priority candidates,Coldwater Pondsnail,Stagnicola woodruffi,"CMN, CWS, ON, Parks"
Molluscs,Group 3 - Low priority candidates,Deertoe,Truncilla truncata,"CMN, CWS, ON, Parks"
Molluscs,Group 3 - Low priority candidates,Purplecap Valvata,Valvata perdepressa,"CMN, CWS, ON, Parks"
Mosses,Group 1 - High priority candidates,(common name not available),Paraphymatoceros pearsonii,"BC, CMN, CWS, Parks"
Mosses,Group 1 - High priority candidates,(common name not available),Phaeoceros oreganus,"BC, CMN, CWS, Parks"
Mosses,Group 1 - High priority candidates,(common name not available),Phymatoceros bulbiculosus,"BC, CMN, CWS, Parks"
Mosses,Group 1 - High priority candidates,(common name not available),Triquetrella californica,"BC, CMN, CWS, Parks"
Mosses,Group 2 - Mid priority candidates,Orkney Notchwort,Anastrepta orcadensis,"BC, CWS, Parks"
Mosses,Group 2 - Mid priority candidates,(common name not available),Anastrophyllum donnianum,"BC, CMN, CWS, Parks"
Mosses,Group 2 - Mid priority candidates,(common name not available),Dendrobazzania griffithiana,"BC, CMN, CWS, Parks"
Mosses,Group 2 - Mid priority candidates,River Scalewort,Frullania riparia,"CWS, Parks, QC"
Mosses,Group 2 - Mid priority candidates,liverwort,Frullania selwyniana,"CMN, CWS, NB, NS, ON, Parks, QC"
Mosses,Group 2 - Mid priority candidates,liverwort,Harpalejeunea molleri,"CMN, CWS, NS, Parks"
Mosses,Group 2 - Mid priority candidates,Woods Whipwort,Mastigophora woodsii,"BC, CWS, Parks"
Mosses,Group 2 - Mid priority candidates,(common name not available),Scapania ornithopoides,"BC, CMN, CWS, Parks"
Mosses,Group 3 - Low priority candidates,(common name not available),Fabronia ciliaris,"CWS, MB, Parks"
Mosses,Group 3 - Low priority candidates,Funaria Moss,Funaria flavicans,"CWS, ON, Parks"
Mosses,Group 3 - Low priority candidates,(common name not available),Trematodon longicollis,"CWS, NL, ON, Parks"
Reptiles,Group 1 - High priority candidates,No candidates currently listed
Reptiles,Group 2 - Mid priority candidates,Ring-necked Snake,Diadophis punctatus,"CWS, MB, NB, NS, ON, Parks, QC"
Reptiles,Group 2 - Mid priority candidates,Smooth Greensnake,Opheodrys vernalis,"CWS, MB, NB, NS, ON, Parks, PE, QC, SK"
Reptiles,Group 2 - Mid priority candidates,Plains Gartersnake,Thamnophis radix,"AB, CWS, MB, Parks, SK"
Reptiles,Group 3 - Low priority candidates,Green Sea Turtle,Chelonia mydas,"CWS, Parks"
Reptiles,Group 3 - Low priority candidates,Northern Alligator Lizard,Elgaria coerulea,"BC, CWS, Parks"
Reptiles,Group 3 - Low priority candidates,Kemp's Ridley Sea Turtle,Lepidochelys kempii,"Atlantic Ocean, CWS, NS, Parks"
Reptiles,Group 3 - Low priority candidates,Northern watersnake,Nerodia sipedon sipedon,"CWS, ON, Parks, QC"
Reptiles,Group 3 - Low priority candidates,DeKay's Brownsnake,Storeria dekayi,"CWS, ON, Parks, QC"
Reptiles,Group 3 - Low priority candidates,Red-bellied Snake,Storeria occipitomaculata,"CWS, MB, NB, NS, ON, Parks, QC"
Reptiles,Group 3 - Low priority candidates,Terrestrial Gartersnake,Thamnophis elegans,"AB, BC, CWS, Parks"
Reptiles,Group 3 - Low priority candidates,Northwestern Gartersnake,Thamnophis ordinoides,"BC, CWS, Parks"
Reptiles,Group 3 - Low priority candidates,Common Gartersnake,Thamnophis sirtalis,"AB, BC, CWS, MB, NB, NS, NT, ON, Parks, QC, SK"
Terrestrial mammals,Group 1 - High priority candidates,Eastern Small-footed Myotis,Myotis leibii,"CMN, CWS, Parks"
Terrestrial mammals,Group 1 - High priority candidates,Western Spotted Skunk,Spilogale gracilis,"BC, CWS, Parks"
Terrestrial mammals,Group 2 - Mid priority candidates,Townsend's Big-eared Bat,Corynorhynus townsendii,"CMN, CWS, Parks"
Terrestrial mammals,Group 2 - Mid priority candidates,(common name not available),Myotis thysanodes,"AB, BC, CWS, Parks, SK, YT"
Terrestrial mammals,Group 2 - Mid priority candidates,Columbia Plateau Pocket Mouse,Perognathus parvus,"BC, CWS, Parks"
Terrestrial mammals,Group 3 - Low priority candidates,Pronghorn Antelope,Antilocapra americana,"AB, CWS, Parks, SK"
Terrestrial mammals,Group 3 - Low priority candidates,Fringed Bat,Myotis thysanodes,"BC, CWS, Parks"
Terrestrial mammals,Group 3 - Low priority candidates,Mountain Goat,Oreamnos americanus,"CMN, CWS, Parks"
Vascular plants,Group 1 - High priority candidates,Tall Green Milkweed,Asclepias hirtella,"CMN, CWS, ON, Parks"
Vascular plants,Group 1 - High priority candidates,Smooth Clustered Sedge,Carex aggregata,"CWS, ON, Parks"
Vascular plants,Group 1 - High priority candidates,Ravenfoot Sedge,Carex crus-corvi,"CMN, CWS, ON, Parks"
Vascular plants,Group 1 - High priority candidates,Black-edged Sedge,Carex nigromarginata,"CWS, ON, Parks"
Vascular plants,Group 1 - High priority candidates,Klaza Draba,Draba bruce-bennettii,"CMN, CWS, Parks, YT"
Vascular plants,Group 1 - High priority candidates,Square-stemmed Spikerush,Eleocharis quadrangulata,"CMN, CWS, ON, Parks"
Vascular plants,Group 1 - High priority candidates,Tinted Woodland Spurge,Euphorbia commutata,"CMN, CWS, ON, Parks"
Vascular plants,Group 1 - High priority candidates,Plains Rough Fescue,Festuca hallii,"AB, CMN, CWS, MB, ON, Parks, SK"
Vascular plants,Group 1 - High priority candidates,Limestone Hedge-hyssop,Gratiola quartermaniae,"CMN, CWS, ON, Parks"
Vascular plants,Group 1 - High priority candidates,Short-stemmed Iris,Iris brevicaulis,"CMN, CWS, ON, Parks"
Vascular plants,Group 1 - High priority candidates,Cranefly Orchid,Tipularia discolor,"CMN, CWS, ON, Parks"
Vascular plants,Group 1 - High priority candidates,Dwarf Western Trillium,Trilium ovatum hibbersonii,"BC, CWS, Parks"
Vascular plants,Group 2 - mid priority candidates and group 3 - low priority candidates,"An expanded Vascular Plants candidate list of over 500 vascular plants, grouped into two priority classes, is now available to the public in an Excel worksheet file. This list is provided with the understanding that it is a working copy undergoing modification. In preparing the list, information from the General Status of Species in Canada Review process, undertaken by all federal, provincial and territorial jurisdictions, is taken into account when species are ranked for inclusion on the list.
Please contact the COSEWIC secretariat for a copy of the list at cosewic-cosepac@ec.gc.ca"
